id,name,phone,email,company,status,disposition,summary,called_at_iso,log_id
16240,Silitech Computers,+919874035831,silitech@gmail.com,Silitech Computers,completed,Answered,"Analyzer error: unterminated string literal (detected at line 226) (call_analyzer.py, line 226)",2026-05-12T09:06:49.983998Z,
16241,Lattice Networks,+919880012148,helpdesklatticeenteworks@gmail.com,Lattice Networks,completed,Answered,"Analyzer error: unterminated string literal (detected at line 226) (call_analyzer.py, line 226)",2026-05-12T09:06:12.118737Z,
16242,System Needs,+919845543444,support@systemneeds.in,System Needs,completed,Answered,"Analyzer error: unterminated string literal (detected at line 226) (call_analyzer.py, line 226)",2026-05-12T09:05:26.367357Z,
16243,Top Gun Network Technologies Pvt Ltd,+919845071018,info@topguntechnologies.com,Top Gun Network Technologies Pvt Ltd,completed,Answered,"Analyzer error: unterminated string literal (detected at line 226) (call_analyzer.py, line 226)",2026-05-12T09:03:29.862385Z,
16244,GADGETOLOGY NETWORK PRIVATE LIMITED,+917899402171,support@gadgetology.in,GADGETOLOGY NETWORK PRIVATE LIMITED,completed,Answered,"Analyzer error: unterminated string literal (detected at line 226) (call_analyzer.py, line 226)",2026-05-12T08:59:24.476544Z,
16245,AMAR RADIO CORPORATION,+917975477851,sales84@amarradio.com,AMAR RADIO CORPORATION,completed,Answered,"Analyzer error: unterminated string literal (detected at line 226) (call_analyzer.py, line 226)",2026-05-12T08:54:44.473381Z,
16246,Sertel Electronics (P) Ltd,+919385090333,sales@sertelelectronics.com,Sertel Electronics (P) Ltd,completed,Answered,"Analyzer error: unterminated string literal (detected at line 226) (call_analyzer.py, line 226)",2026-05-12T08:50:42.406643Z,
16247,Kamalveer Systems,+918886331764,sales@kamalveersystems.net,Kamalveer Systems,completed,Answered,"Analyzer error: unterminated string literal (detected at line 226) (call_analyzer.py, line 226)",2026-05-12T08:47:45.899638Z,
16248,Avoor Networks Pvt. Ltd.,+919632819991,sales@avoornetworks.com,Avoor Networks Pvt. Ltd.,completed,Answered,"Analyzer error: unterminated string literal (detected at line 226) (call_analyzer.py, line 226)",2026-05-12T08:45:37.947544Z,
16249,TermVertex Blr,+919845076102,prathishraj@teamvertex.com,TermVertex Blr,completed,Answered,"Analyzer error: unterminated string literal (detected at line 226) (call_analyzer.py, line 226)",2026-05-12T08:41:53.059419Z,
16250,StaunchOndemand Solutions Private Limited,+919759925701,nitesh@sodspl.com,StaunchOndemand Solutions Private Limited,completed,Answered,"Analyzer error: unterminated string literal (detected at line 226) (call_analyzer.py, line 226)",2026-05-12T08:41:17.112638Z,
16251,Synergy Systems & Pheripherals,+919841746593,nfo1@synergysystem.in,Synergy Systems & Pheripherals,completed,Answered,"Analyzer error: unterminated string literal (detected at line 226) (call_analyzer.py, line 226)",2026-05-12T08:40:31.483732Z,
16252,Amoolya Systems Technologies,+919980199974,murali@amoolyasystems.com,Amoolya Systems Technologies,completed,Answered,"Analyzer error: unterminated string literal (detected at line 226) (call_analyzer.py, line 226)",2026-05-12T08:39:03.013547Z,
16253,Veba Systems,+919789071350,info@vebasystems.com,Veba Systems,completed,Answered,"Analyzer error: unterminated string literal (detected at line 226) (call_analyzer.py, line 226)",2026-05-12T08:37:45.236358Z,
16254,Team Engineers,+919949150099,info@teamengineers.in,Team Engineers,completed,Answered,"Analyzer error: unterminated string literal (detected at line 226) (call_analyzer.py, line 226)",2026-05-12T08:36:58.314960Z,
16255,S H Telecom Services,+919848174559,info@shtelecom.net,S H Telecom Services,completed,Answered,"Analyzer error: unterminated string literal (detected at line 226) (call_analyzer.py, line 226)",2026-05-12T08:36:04.502784Z,
16256,Server Parts,+919391440440,info@serverparts.in,Server Parts,completed,Answered,"Analyzer error: unterminated string literal (detected at line 226) (call_analyzer.py, line 226)",2026-05-12T08:35:30.848118Z,
16257,Kamalveer Systems,+918886331764,info@kamalveersystems.net,Kamalveer Systems,completed,Answered,"Analyzer error: unterminated string literal (detected at line 226) (call_analyzer.py, line 226)",2026-05-12T08:32:11.791889Z,
16258,Gowra Bits & Bytes Private Limited,+919866669151,hello@gbb.co.in,Gowra Bits & Bytes Private Limited,completed,Answered,"Analyzer error: unterminated string literal (detected at line 226) (call_analyzer.py, line 226)",2026-05-12T08:31:13.709147Z,
16259,ServerCart,+919343334445,greenitblr@gmail.com,ServerCart,completed,Answered,"Analyzer error: unterminated string literal (detected at line 226) (call_analyzer.py, line 226)",2026-05-12T08:28:50.626330Z,
16260,Jyeshtha Solutions Pvt. Ltd.,+919845104804,contact@jyeshtha.com,Jyeshtha Solutions Pvt. Ltd.,completed,Answered,"Analyzer error: unterminated string literal (detected at line 226) (call_analyzer.py, line 226)",2026-05-12T08:25:58.682244Z,
16261,Edream,+919663377073,contact@edream.co.in,Edream,completed,Answered,"Analyzer error: unterminated string literal (detected at line 226) (call_analyzer.py, line 226)",2026-05-12T08:25:12.917505Z,
16262,METAPOINT TECHNOLOGIES PVT LTD,+919989544438,hari@metapoint.in,METAPOINT TECHNOLOGIES PVT LTD,completed,Answered,"Analyzer error: unterminated string literal (detected at line 226) (call_analyzer.py, line 226)",2026-05-12T08:14:57.597880Z,
16263,Pratik Network System,+919226135092,pratiknetwork@gmail.com,Pratik Network System,completed,Answered,"Analyzer error: unterminated string literal (detected at line 226) (call_analyzer.py, line 226)",2026-05-12T08:14:17.902897Z,
16264,S V Greentech Private Limited,+919371106436,rihanmalik986@gmail.com,S V Greentech Private Limited,completed,Answered,"Analyzer error: unterminated string literal (detected at line 226) (call_analyzer.py, line 226)",2026-05-12T08:13:00.077921Z,
16265,Enertech UPS Pvt Ltd,+919373336340,sales@enertechups.com,Enertech UPS Pvt Ltd,completed,Answered,"Analyzer error: unterminated string literal (detected at line 226) (call_analyzer.py, line 226)",2026-05-12T08:12:24.320632Z,
16266,VENKAT RAO,+98860909070,venkat@domainnetworks.in,Domain Networks Pvt Ltd,completed,Answered,"Analyzer error: unterminated string literal (detected at line 226) (call_analyzer.py, line 226)",2026-05-12T07:30:00.070941Z,
16267,SATHYA MURTHY,+96206600990,sales@sathyasnetworks.com,Sathyas Networks,completed,Answered,"Analyzer error: unterminated string literal (detected at line 226) (call_analyzer.py, line 226)",2026-05-12T07:08:53.142556Z,
16268,NITESH,+97599257010,nitesh@sodspl.com,StaunchOndemand Solutions Private Limited,completed,Answered,"Analyzer error: unterminated string literal (detected at line 226) (call_analyzer.py, line 226)",2026-05-12T07:00:51.628951Z,
16269,ASHOK,+98221911810,sales@opelelectronics.com,Opal Electronics,completed,Answered,"Analyzer error: unterminated string literal (detected at line 226) (call_analyzer.py, line 226)",2026-05-12T05:51:09.516601Z,
16270,DESHPANDE,+99209338730,info@eendee.com,Eendee Sales & Services Pvt Ltd,completed,Answered,"Analyzer error: unterminated string literal (detected at line 226) (call_analyzer.py, line 226)",2026-05-12T05:25:30.306946Z,
16271,KEYUR KOTHARI,+98927061440,kirtisteel121@rediffmail.com,KRITI STEEL Industries,completed,Answered,"Analyzer error: unterminated string literal (detected at line 226) (call_analyzer.py, line 226)",2026-05-12T05:18:36.678618Z,
16272,ASHWIN VORA,+98200846880,info@avonappliances.com,AVON APPLIANCES,completed,Answered,"Analyzer error: unterminated string literal (detected at line 226) (call_analyzer.py, line 226)",2026-05-12T04:57:49.941675Z,
16273,KRISHNA RAO,+98481920880,colour_mk@yahoo.com,Colour India Paints Industries,completed,Answered,"Analyzer error: unterminated string literal (detected at line 226) (call_analyzer.py, line 226)",2026-05-12T04:45:54.921891Z,
16274,KALPESH,+98853747240,shadesno1@gmail.com,Shades,completed,Answered,"Analyzer error: unterminated string literal (detected at line 226) (call_analyzer.py, line 226)",2026-05-12T04:43:03.437654Z,
16275,Mutha Industries Pvt Ltd,+919862051920,info@muthaindustries.com,Mutha Industries Pvt Ltd,completed,Answered,"Analyzer error: unterminated string literal (detected at line 226) (call_analyzer.py, line 226)",2026-05-12T04:41:21.252624Z,
16276,DYNASOLE INDUSTRIES,+97006242720,support@dynasoleindustries.com,Dynasole Industries,completed,Answered,"Analyzer error: unterminated string literal (detected at line 226) (call_analyzer.py, line 226)",2026-05-11T13:53:46.368761Z,
16277,SUNITHA,+98804423650,vinod@arcamaxindia.com,Arcamax Computer Systems (P) Ltd,completed,Answered,"Analyzer error: unterminated string literal (detected at line 226) (call_analyzer.py, line 226)",2026-05-11T13:33:51.371810Z,
16278,D BAG NOC,+99000266470,enquiry@globrandslifestyle.com,Globrands Lifestyle Pvt Ltd,completed,Answered,"Analyzer error: unterminated string literal (detected at line 226) (call_analyzer.py, line 226)",2026-05-11T13:03:43.817452Z,
16279,D BAG NOC,+99000266470,enquiry@globrandslifestyle.com,Globrands Lifestyle Pvt Ltd,completed,Answered,"Analyzer error: unterminated string literal (detected at line 226) (call_analyzer.py, line 226)",2026-05-11T12:08:15.617621Z,
16280,GBS,+919941054646,info@gbssystems.com,GBS Infoo Systems,completed,Answered,"Analyzer error: unterminated string literal (detected at line 226) (call_analyzer.py, line 226)",2026-05-11T11:32:43.193168Z,
16281,PRASAD,+919962214100,gifts@thegreenroots.in,Green Roots,completed,Answered,"Analyzer error: unterminated string literal (detected at line 226) (call_analyzer.py, line 226)",2026-05-11T11:21:29.106962Z,
16282,D BAG NOC,+99000266470,enquiry@globrandslifestyle.com,Globrands Lifestyle Pvt Ltd,completed,Answered,"Analyzer error: unterminated string literal (detected at line 226) (call_analyzer.py, line 226)",2026-05-11T11:15:21.380549Z,
16283,Pradeep Kumar,+99882102970,care.kps@gmail.com,Vinayak Aircon,completed,Answered,"Analyzer error: unterminated string literal (detected at line 226) (call_analyzer.py, line 226)",2026-05-11T10:55:47.538426Z,
16284,ASHOK JAIN,+98451806610,premier_light@yahoo.com,Premier Lighting Industries,completed,Answered,"Analyzer error: unterminated string literal (detected at line 226) (call_analyzer.py, line 226)",2026-05-11T09:48:28.536078Z,
16285,MANOJ KUMAR,+99809080800,ilightsjmanoj@gmail.com,I Lights Technologies,completed,Answered,"Analyzer error: unterminated string literal (detected at line 226) (call_analyzer.py, line 226)",2026-05-11T09:35:31.383734Z,
16286,SAJJAN,+98445178470,barlota.ind@gmail.com,Barlota Industries,completed,Answered,"Analyzer error: unterminated string literal (detected at line 226) (call_analyzer.py, line 226)",2026-05-11T09:28:18.126848Z,
16287,ABDUL SHAIKH,+96372713070,enq@ssinsulation.com,S S INSULATION,completed,Answered,"Analyzer error: unterminated string literal (detected at line 226) (call_analyzer.py, line 226)",2026-05-11T09:08:44.972755Z,
16288,MR. DHANANJAY UGWEKAR,+98585855990,sales@vendsindia.com,Vends Tech India Pvt. Ltd.,completed,Answered,"Analyzer error: unterminated string literal (detected at line 226) (call_analyzer.py, line 226)",2026-05-11T08:45:41.759194Z,
16289,VISHAL PATEL,+99040882710,info@vishalfoundry.in,Vishal Foundry,completed,Answered,"Analyzer error: unterminated string literal (detected at line 226) (call_analyzer.py, line 226)",2026-05-11T08:33:18.654280Z,
16290,SHAH,+98250344940,info@starscientificindia.com,STAR SCIENTIFIC GLASS CO,completed,Answered,"Analyzer error: unterminated string literal (detected at line 226) (call_analyzer.py, line 226)",2026-05-11T08:20:55.060134Z,
16291,SHAIKH RAHIM,+98982758880,info@srkvalves.com,SRK Valves,completed,Answered,"Analyzer error: unterminated string literal (detected at line 226) (call_analyzer.py, line 226)",2026-05-11T08:19:24.843787Z,
16292,KISAN PATEL,+79846681670,umiyaassembly@gmail.com,Umiya Assembly Technologies,completed,Answered,"Analyzer error: unterminated string literal (detected at line 226) (call_analyzer.py, line 226)",2026-05-11T07:14:02.854198Z,
16293,MANISH PATEL,+99987009410,info@accutechflpfan.com,Accu- Tech Engineering,completed,Answered,"Analyzer error: unterminated string literal (detected at line 226) (call_analyzer.py, line 226)",2026-05-11T07:00:50.175152Z,
16294,HETAL PARIKH,+98250514040,Crown_hetal@yahoo.com,LIGHT ON Lighting Fixture,completed,Answered,"Analyzer error: unterminated string literal (detected at line 226) (call_analyzer.py, line 226)",2026-05-11T06:57:27.218448Z,
16295,HONEYSINGH,+99099070120,contact@brightideas.in,Bright Ideas Lighting Solutions,completed,Answered,"Analyzer error: unterminated string literal (detected at line 226) (call_analyzer.py, line 226)",2026-05-11T06:56:29.081922Z,
16296,TARUN MEHTA,+98129942370,info@timesmarketing.com,Times Marketing Pvt Ltd,completed,Answered,"Analyzer error: unterminated string literal (detected at line 226) (call_analyzer.py, line 226)",2026-05-11T06:46:09.227330Z,
16297,MACNEIL,+99304514930,support@macneillforklift.com,Macneill Engineering Ltd,completed,Answered,"Analyzer error: unterminated string literal (detected at line 226) (call_analyzer.py, line 226)",2026-05-11T06:38:45.355811Z,
16298,DARSHAN GOWDA,+98989123820,sales@shreebalaad.com,Shree Balaad Handling Works,completed,Answered,"Analyzer error: unterminated string literal (detected at line 226) (call_analyzer.py, line 226)",2026-05-11T06:36:16.338134Z,
16299,MR. DHANANJAY UGWEKAR,+98585855990,sales@vendsindia.com,Vends Tech India Pvt. Ltd.,completed,Answered,"Analyzer error: unterminated string literal (detected at line 226) (call_analyzer.py, line 226)",2026-05-11T06:24:41.039619Z,
16300,KEYUR PAREKH,+98670500750,sales@airotech.co.in,Air-O-Tech Engineers,completed,Answered,"Analyzer error: unterminated string literal (detected at line 226) (call_analyzer.py, line 226)",2026-05-11T06:14:55.118732Z,
16301,Excel Network Solutions,+919510834781,excelnetwork@gmail.com,Excel Network Solutions,completed,Answered,"Analyzer error: unterminated string literal (detected at line 226) (call_analyzer.py, line 226)",2026-05-11T06:05:40.994160Z,
16302,Lattice Networks,+919880012148,helpdesklatticeenteworks@gmail.com,Lattice Networks,completed,Answered,"Analyzer error: unterminated string literal (detected at line 226) (call_analyzer.py, line 226)",2026-05-11T06:01:07.293171Z,
16303,System Needs,+919845543444,support@systemneeds.in,System Needs,completed,Answered,"Analyzer error: unterminated string literal (detected at line 226) (call_analyzer.py, line 226)",2026-05-11T06:00:25.969669Z,
16304,Ani Enterprise,+919940222404,anienterprise9@gmail.com,Ani Enterprise,completed,Answered,"Analyzer error: unterminated string literal (detected at line 226) (call_analyzer.py, line 226)",2026-05-11T06:00:12.568624Z,
16305,Top Gun Network Technologies Pvt Ltd,+919845071018,info@topguntechnologies.com,Top Gun Network Technologies Pvt Ltd,completed,Answered,"Analyzer error: unterminated string literal (detected at line 226) (call_analyzer.py, line 226)",2026-05-11T05:58:53.748771Z,
16306,AMAR RADIO CORPORATION,+917975477851,sales84@amarradio.com,AMAR RADIO CORPORATION,completed,Answered,"Analyzer error: unterminated string literal (detected at line 226) (call_analyzer.py, line 226)",2026-05-11T05:48:57.096143Z,
16307,TenX Services Private Limited,+919916949898,sales@tenxworld.com,TenX Services Private Limited,completed,Answered,"Analyzer error: unterminated string literal (detected at line 226) (call_analyzer.py, line 226)",2026-05-11T05:45:40.408322Z,
16308,Square network solutions Pvt Ltd,+919840987432,sales@squarenet.in,Square network solutions Pvt Ltd,completed,Answered,"Analyzer error: unterminated string literal (detected at line 226) (call_analyzer.py, line 226)",2026-05-11T05:43:43.576515Z,
16309,Sathyas Networks,+919620660099,sales@sathyasnetworks.com,Sathyas Networks,completed,Answered,"Analyzer error: unterminated string literal (detected at line 226) (call_analyzer.py, line 226)",2026-05-11T05:39:29.194772Z,
16310,TermVertex Blr,+919845076102,prathishraj@teamvertex.com,TermVertex Blr,completed,Answered,"Analyzer error: unterminated string literal (detected at line 226) (call_analyzer.py, line 226)",2026-05-11T05:32:09.304851Z,
16311,StaunchOndemand Solutions Private Limited,+919759925701,nitesh@sodspl.com,StaunchOndemand Solutions Private Limited,completed,Answered,"Analyzer error: unterminated string literal (detected at line 226) (call_analyzer.py, line 226)",2026-05-11T05:30:36.219006Z,
16312,Synergy Systems & Pheripherals,+919841746593,nfo1@synergysystem.in,Synergy Systems & Pheripherals,completed,Answered,"Analyzer error: unterminated string literal (detected at line 226) (call_analyzer.py, line 226)",2026-05-11T05:30:15.913742Z,
16313,S H Telecom Services,+919848174559,info@shtelecom.net,S H Telecom Services,completed,Answered,"Analyzer error: unterminated string literal (detected at line 226) (call_analyzer.py, line 226)",2026-05-11T05:23:12.143303Z,
16314,Kamalveer Systems,+918886331764,info@kamalveersystems.net,Kamalveer Systems,completed,Answered,"Analyzer error: unterminated string literal (detected at line 226) (call_analyzer.py, line 226)",2026-05-11T05:16:36.336890Z,
16315,Gowra Bits & Bytes Private Limited,+919866669151,hello@gbb.co.in,Gowra Bits & Bytes Private Limited,completed,Answered,"Analyzer error: unterminated string literal (detected at line 226) (call_analyzer.py, line 226)",2026-05-11T05:15:12.269249Z,
16316,ServerCart,+919343334445,greenitblr@gmail.com,ServerCart,completed,Answered,"Analyzer error: unterminated string literal (detected at line 226) (call_analyzer.py, line 226)",2026-05-11T05:11:38.908545Z,
16317,Jyeshtha Solutions Pvt. Ltd.,+919845104804,contact@jyeshtha.com,Jyeshtha Solutions Pvt. Ltd.,completed,Answered,"Analyzer error: unterminated string literal (detected at line 226) (call_analyzer.py, line 226)",2026-05-11T05:09:03.473645Z,
16318,Green it Soluzione,+918879739774,samkhancisco1993@gmail.com,Green it Soluzione,completed,Answered,"Analyzer error: unterminated string literal (detected at line 226) (call_analyzer.py, line 226)",2026-05-11T05:00:52.430487Z,
16319,Secure Tel Networks Inc,+919448082646,Info@Securetel.In,Secure Tel Networks Inc,completed,Answered,"Analyzer error: unterminated string literal (detected at line 226) (call_analyzer.py, line 226)",2026-05-11T04:58:54.944687Z,
16320,METAPOINT TECHNOLOGIES PVT LTD,+919989544438,hari@metapoint.in,METAPOINT TECHNOLOGIES PVT LTD,completed,Answered,"Analyzer error: unterminated string literal (detected at line 226) (call_analyzer.py, line 226)",2026-05-11T04:57:20.082045Z,
16321,S V Greentech Private Limited,+919371106436,rihanmalik986@gmail.com,S V Greentech Private Limited,completed,Answered,"Analyzer error: unterminated string literal (detected at line 226) (call_analyzer.py, line 226)",2026-05-11T04:55:53.662260Z,
16322,Enertech UPS Pvt Ltd,+919373336340,sales@enertechups.com,Enertech UPS Pvt Ltd,completed,Answered,"Analyzer error: unterminated string literal (detected at line 226) (call_analyzer.py, line 226)",2026-05-11T04:55:09.931766Z,
16323,Costa Power Industries Pvt. Ltd.,+917971671193,sunil@upscbatteriesindia.com,Costa Power Industries Pvt. Ltd.,completed,Answered,Call connected; transcript unavailable.,2026-05-09T19:21:08.883441Z,
16324,TechnoVision Energy Private Limited,+919370132702,sales@technovisionenergy.com,TechnoVision Energy Private Limited,completed,Answered,Call connected; transcript unavailable.,2026-05-09T19:18:35.162983Z,
16325,Sk Power Engineering,+919930299228,sales@skpowerengineering.in,Sk Power Engineering,completed,Answered,Call connected; transcript unavailable.,2026-05-09T19:15:51.441663Z,
16326,Opal Electronics,+919822191181,sales@opelelectronics.com,Opal Electronics,completed,Answered,Call connected; transcript unavailable.,2026-05-09T19:14:25.587411Z,
16327,Batt Power Company,+919860178649,sales@battpower.in,Batt Power Company,completed,Answered,Call connected; transcript unavailable.,2026-05-09T19:13:58.055052Z,
16328,Sparkel,+919168012136,parkelsolarsystems@gmail.com,Sparkel,completed,Answered,"Analyzer error: unterminated string literal (detected at line 226) (call_analyzer.py, line 226)",2026-05-09T19:12:24.416199Z,
16329,MK POWER DISTRIBUTORS,+919021353189,mkpowersystem74@gmail.com,MK POWER DISTRIBUTORS,completed,Answered,"Analyzer error: unterminated string literal (detected at line 226) (call_analyzer.py, line 226)",2026-05-09T19:07:03.970773Z,
16330,J K Power Guard,+919302093090,jkpowerguard@yahoo.com,J K Power Guard,completed,Answered,"Analyzer error: unterminated string literal (detected at line 226) (call_analyzer.py, line 226)",2026-05-09T19:06:22.278978Z,
16331,Super Tech Power Systems,+919821170829,info@supertechpower.com,Super Tech Power Systems,completed,Answered,"Analyzer error: unterminated string literal (detected at line 226) (call_analyzer.py, line 226)",2026-05-09T19:06:06.997321Z,
16332,S M Power Systems,+919922516363,info@smpowersystems.com,S M Power Systems,completed,Answered,"Analyzer error: unterminated string literal (detected at line 226) (call_analyzer.py, line 226)",2026-05-09T19:04:20.351974Z,
16333,Waaree Energies Ltd.,+917486027376,info@saphirescientific.com,Waaree Energies Ltd.,completed,Answered,"Analyzer error: unterminated string literal (detected at line 226) (call_analyzer.py, line 226)",2026-05-09T19:02:54.045099Z,
16334,Hyderabad AC Services,+918712322475,info@hyderabadacservices.com,Hyderabad AC Services,completed,Answered,"Analyzer error: unterminated string literal (detected at line 226) (call_analyzer.py, line 226)",2026-05-09T18:58:45.703132Z,
16335,Eendee Sales & Services Pvt Ltd,+919920933873,info@eendee.com,Eendee Sales & Services Pvt Ltd,completed,Answered,"Analyzer error: unterminated string literal (detected at line 226) (call_analyzer.py, line 226)",2026-05-09T18:58:16.194933Z,
16336,Precision Power Products (india) (P) Ltd,+919969609966,contact@precisionpowerproducts.com,Precision Power Products (india) (P) Ltd,completed,Answered,"Analyzer error: unterminated string literal (detected at line 226) (call_analyzer.py, line 226)",2026-05-09T18:56:46.466608Z,
16337,AG Power Systems,+919867731444,agpowercompany@gmailcom,AG Power Systems,completed,Answered,"Analyzer error: unterminated string literal (detected at line 226) (call_analyzer.py, line 226)",2026-05-09T18:56:10.766618Z,
16338,KRITI STEEL Industries,+919892706144,kirtisteel121@rediffmail.com,KRITI STEEL Industries,completed,Answered,"Analyzer error: unterminated string literal (detected at line 226) (call_analyzer.py, line 226)",2026-05-09T18:54:37.136971Z,
16339,Kantilal and Sons Woodworks Private Limited,+919920252122,kcowood@hotmail.com,Kantilal and Sons Woodworks Private Limited,completed,Answered,"Analyzer error: unterminated string literal (detected at line 226) (call_analyzer.py, line 226)",2026-05-09T18:53:51.345318Z,
16340,Atmajyoti Ply,+918605966236,jainamoswal2001@gmail.com,Atmajyoti Ply,completed,Answered,"Analyzer error: unterminated string literal (detected at line 226) (call_analyzer.py, line 226)",2026-05-09T18:53:27.935868Z,
16341,Pepcopp Pest Control Services,+919833233406,info@pepcopp.co.in,Pepcopp Pest Control Services,completed,Answered,"Analyzer error: unterminated string literal (detected at line 226) (call_analyzer.py, line 226)",2026-05-09T18:50:04.574688Z,
16342,Matere Packaging,+919881316625,info@materepackaging.com,Matere Packaging,completed,Answered,"Analyzer error: unterminated string literal (detected at line 226) (call_analyzer.py, line 226)",2026-05-09T18:46:03.545043Z,
16343,Gravity Lab Laboratory Equipment,+919821198397,info@gravitylab.in,Gravity Lab Laboratory Equipment,completed,Answered,"Analyzer error: unterminated string literal (detected at line 226) (call_analyzer.py, line 226)",2026-05-09T18:44:25.687697Z,
16344,Chopda Industries,+919823722209,info@chopdaindustries.com,Chopda Industries,completed,Answered,"Analyzer error: unterminated string literal (detected at line 226) (call_analyzer.py, line 226)",2026-05-09T18:43:54.043796Z,
16345,AVON APPLIANCES,+919820084688,info@avonappliances.com,AVON APPLIANCES,completed,Answered,"Analyzer error: unterminated string literal (detected at line 226) (call_analyzer.py, line 226)",2026-05-09T18:43:28.612943Z,
16346,Classic Flooring & Interior (P) Ltd,+919019335959,himanshu.sm@squarefoot.co.in,Classic Flooring & Interior (P) Ltd,completed,Answered,"Analyzer error: unterminated string literal (detected at line 226) (call_analyzer.py, line 226)",2026-05-09T18:42:56.961480Z,
16347,Beautex Industries,+919022150000,happy2help@beautex.in,Beautex Industries,completed,Answered,"Analyzer error: unterminated string literal (detected at line 226) (call_analyzer.py, line 226)",2026-05-09T18:41:40.601631Z,
16348,Bombay Gift Company,+919820114078,bombaygiftcompany@gmail.com,Bombay Gift Company,completed,Answered,"Analyzer error: unterminated string literal (detected at line 226) (call_analyzer.py, line 226)",2026-05-09T18:38:48.662806Z,
16349,Colour India Paints Industries,+919848192088,colour_mk@yahoo.com,Colour India Paints Industries,completed,Answered,"Analyzer error: unterminated string literal (detected at line 226) (call_analyzer.py, line 226)",2026-05-09T18:36:05.107888Z,
16350,A K Enterprises,+919885940150,cas_chirag@yahoo.com,A K Enterprises,completed,Answered,"Analyzer error: unterminated string literal (detected at line 226) (call_analyzer.py, line 226)",2026-05-09T18:35:41.532878Z,
16351,Shades,+919885374724,shadesno1@gmail.com,Shades,completed,Answered,"Analyzer error: unterminated string literal (detected at line 226) (call_analyzer.py, line 226)",2026-05-09T18:34:05.984786Z,
16352,Nav Shakti Paints And Chemicals,+919848040845,nav_shakti@rediffmail.com,Nav Shakti Paints And Chemicals,completed,Answered,"Analyzer error: unterminated string literal (detected at line 226) (call_analyzer.py, line 226)",2026-05-09T18:30:22.154979Z,
16353,Kailash Hardware Corporation & Kailash Enterprises,+919848287732,kailashwirenetting@gmail.com,Kailash Hardware Corporation & Kailash Enterprises,completed,Answered,"Analyzer error: unterminated string literal (detected at line 226) (call_analyzer.py, line 226)",2026-05-09T18:28:58.288364Z,
16354,EagleCoats,+919121230001,eaglecoats@rediffmail.com,EagleCoats,completed,Answered,"Analyzer error: unterminated string literal (detected at line 226) (call_analyzer.py, line 226)",2026-05-09T18:25:06.420623Z,
16355,Sai Sravanthi Enterprises,+919573437171,civilizemart@gmail.com,Sai Sravanthi Enterprises,completed,Answered,"Analyzer error: unterminated string literal (detected at line 226) (call_analyzer.py, line 226)",2026-05-09T18:23:38.785856Z,
16356,RBN Enterprises,+917989692726,hemamurthy0508@gmail.com,RBN Enterprises,completed,Answered,"Analyzer error: unterminated string literal (detected at line 226) (call_analyzer.py, line 226)",2026-05-09T18:20:50.034318Z,
16357,Aster Infosystems,+919663371804,asterinfosystems@gmail.com,Aster Infosystems,completed,Answered,"Analyzer error: unterminated string literal (detected at line 226) (call_analyzer.py, line 226)",2026-05-09T18:15:04.140211Z,
16358,Arcamax Computer Systems (P) Ltd,+919880442365,vinod@arcamaxindia.com,Arcamax Computer Systems (P) Ltd,completed,Answered,"Analyzer error: unterminated string literal (detected at line 226) (call_analyzer.py, line 226)",2026-05-09T18:14:46.610674Z,
16359,Netsoft Systems & Networks,+919845130939,sales@netsoftindia.co.in,Netsoft Systems & Networks,completed,Answered,"Analyzer error: unterminated string literal (detected at line 226) (call_analyzer.py, line 226)",2026-05-09T18:13:48.650701Z,
16360,Microtouch Infotech Pvt Ltd,+919448066586,info@microtouch.co.in,Microtouch Infotech Pvt Ltd,completed,Answered,"Analyzer error: unterminated string literal (detected at line 226) (call_analyzer.py, line 226)",2026-05-09T18:12:45.104695Z,
16361,System Needs,+919845543444,support@systemneeds.in,System Needs,completed,Answered,"Analyzer error: unterminated string literal (detected at line 226) (call_analyzer.py, line 226)",2026-05-09T18:09:18.764842Z,
16362,Apar Systems & Peripherals,+919393461436,kushal.desai@apar.com,Apar Systems & Peripherals,completed,Answered,"Analyzer error: unterminated string literal (detected at line 226) (call_analyzer.py, line 226)",2026-05-09T18:08:40.943563Z,
16363,United Systems & Networks,+919246595940,usnetw@yahoo.com,United Systems & Networks,completed,Answered,"Analyzer error: unterminated string literal (detected at line 226) (call_analyzer.py, line 226)",2026-05-09T18:06:51.108592Z,
16364,Orchids Network & Systems (I) Private Limited,+919880799977,sales@onsipl.com,Orchids Network & Systems (I) Private Limited,completed,Answered,"Analyzer error: unterminated string literal (detected at line 226) (call_analyzer.py, line 226)",2026-05-09T18:00:48.445539Z,
16365,Balaji Bag Manufacturers,+919845162511,sales@balajibag.com,Balaji Bag Manufacturers,completed,Answered,"Analyzer error: unterminated string literal (detected at line 226) (call_analyzer.py, line 226)",2026-05-09T18:00:22.897717Z,
16366,Sanbay Networking (P) Ltd,+919885147594,prem@sanbay.net,Sanbay Networking (P) Ltd,completed,Answered,"Analyzer error: unterminated string literal (detected at line 226) (call_analyzer.py, line 226)",2026-05-09T17:57:29.656703Z,
16367,LITEON POWER SOLUTIONS,+919513444408,liteonpowersolutions@gmail.com,LITEON POWER SOLUTIONS,completed,Answered,"Analyzer error: unterminated string literal (detected at line 226) (call_analyzer.py, line 226)",2026-05-09T17:54:57.236845Z,
16368,Smart Branding Solutions,+919381784215,info@smartbranding.top,Smart Branding Solutions,completed,Answered,"Analyzer error: unterminated string literal (detected at line 226) (call_analyzer.py, line 226)",2026-05-09T17:54:35.753601Z,
16369,Direct HP,+919167986287,hplulu.bng@it-world.in,Direct HP,completed,Answered,"Analyzer error: unterminated string literal (detected at line 226) (call_analyzer.py, line 226)",2026-05-09T17:52:50.111547Z,
16370,B M Traders,+919886081173,Bmtraders05@gmail.com,B M Traders,completed,Answered,"Analyzer error: unterminated string literal (detected at line 226) (call_analyzer.py, line 226)",2026-05-09T17:48:10.152443Z,
16371,Lenovo India Pvt Ltd,+919739923854,arao4@lenovo.com,Lenovo India Pvt Ltd,completed,Answered,"Analyzer error: unterminated string literal (detected at line 226) (call_analyzer.py, line 226)",2026-05-09T17:45:42.289140Z,
16372,RBN Enterprises,+917989692726,hemamurthy0508@gmail.com,RBN Enterprises,completed,Answered,"Analyzer error: unterminated string literal (detected at line 226) (call_analyzer.py, line 226)",2026-05-09T17:44:13.265247Z,
16373,FUTURE RAY TECHNO SOLUTIONS,+917259676627,info@frtnsolutions.in,FUTURE RAY TECHNO SOLUTIONS,completed,Answered,"Analyzer error: unterminated string literal (detected at line 226) (call_analyzer.py, line 226)",2026-05-09T17:42:41.681514Z,
16374,Aster Infosystems,+919663371804,asterinfosystems@gmail.com,Aster Infosystems,completed,Answered,"Analyzer error: unterminated string literal (detected at line 226) (call_analyzer.py, line 226)",2026-05-09T17:38:51.724039Z,
16375,Arcamax Computer Systems (P) Ltd,+919880442365,vinod@arcamaxindia.com,Arcamax Computer Systems (P) Ltd,completed,Answered,"Analyzer error: unterminated string literal (detected at line 226) (call_analyzer.py, line 226)",2026-05-09T17:37:31.506282Z,
16376,Netsoft Systems & Networks,+919845130939,sales@netsoftindia.co.in,Netsoft Systems & Networks,completed,Answered,"Analyzer error: unterminated string literal (detected at line 226) (call_analyzer.py, line 226)",2026-05-09T17:36:47.746505Z,
16377,System Needs,+919845543444,support@systemneeds.in,System Needs,completed,Answered,"Analyzer error: unterminated string literal (detected at line 226) (call_analyzer.py, line 226)",2026-05-09T17:31:47.041747Z,
16378,Apar Systems & Peripherals,+919393461436,kushal.desai@apar.com,Apar Systems & Peripherals,completed,Answered,"Analyzer error: unterminated string literal (detected at line 226) (call_analyzer.py, line 226)",2026-05-09T17:30:49.103544Z,
16379,GADGETOLOGY NETWORK PRIVATE LIMITED,+917899402171,support@gadgetology.in,GADGETOLOGY NETWORK PRIVATE LIMITED,completed,Answered,"Analyzer error: unterminated string literal (detected at line 226) (call_analyzer.py, line 226)",2026-05-09T17:28:11.237882Z,
16380,TenX Services Private Limited,+919916949898,sales@tenxworld.com,TenX Services Private Limited,completed,Answered,"Analyzer error: unterminated string literal (detected at line 226) (call_analyzer.py, line 226)",2026-05-09T17:25:34.832102Z,
16381,Orchids Network & Systems (I) Private Limited,+919880799977,sales@onsipl.com,Orchids Network & Systems (I) Private Limited,completed,Answered,"Analyzer error: unterminated string literal (detected at line 226) (call_analyzer.py, line 226)",2026-05-09T17:23:02.263914Z,
16382,Balaji Bag Manufacturers,+919845162511,sales@balajibag.com,Balaji Bag Manufacturers,completed,Answered,"Analyzer error: unterminated string literal (detected at line 226) (call_analyzer.py, line 226)",2026-05-09T17:22:34.784057Z,
16383,Prodigy Computers and Laptops Pvt Lt,+919985356363,prodigyhyderabad@gmail.com,Prodigy Computers and Laptops Pvt Lt,completed,Answered,"Analyzer error: unterminated string literal (detected at line 226) (call_analyzer.py, line 226)",2026-05-09T17:22:03.131583Z,
16384,Amoolya Systems Technologies,+919980199974,murali@amoolyasystems.com,Amoolya Systems Technologies,completed,Answered,"Analyzer error: unterminated string literal (detected at line 226) (call_analyzer.py, line 226)",2026-05-09T17:20:25.399487Z,
16385,LITEON POWER SOLUTIONS,+919513444408,liteonpowersolutions@gmail.com,LITEON POWER SOLUTIONS,completed,Answered,"Analyzer error: unterminated string literal (detected at line 226) (call_analyzer.py, line 226)",2026-05-09T17:19:23.286418Z,
16386,Direct HP,+919167986287,hplulu.bng@it-world.in,Direct HP,completed,Answered,"Analyzer error: unterminated string literal (detected at line 226) (call_analyzer.py, line 226)",2026-05-09T17:16:33.384093Z,
16387,Edream,+919663377073,contact@edream.co.in,Edream,completed,Answered,"Analyzer error: unterminated string literal (detected at line 226) (call_analyzer.py, line 226)",2026-05-09T17:12:55.714456Z,
16388,B M Traders,+919886081173,Bmtraders05@gmail.com,B M Traders,completed,Answered,"Analyzer error: unterminated string literal (detected at line 226) (call_analyzer.py, line 226)",2026-05-09T17:12:36.227708Z,
16389,Lenovo India Pvt Ltd,+919739923854,arao4@lenovo.com,Lenovo India Pvt Ltd,completed,Answered,"Analyzer error: unterminated string literal (detected at line 226) (call_analyzer.py, line 226)",2026-05-09T17:10:02.532866Z,
16390,TenX Services Private Limited,+919916949898,sales@tenxworld.com,TenX Services Private Limited,completed,Answered,"Analyzer error: unterminated string literal (detected at line 226) (call_analyzer.py, line 226)",2026-05-09T17:07:18.709445Z,
16391,Orchids Network & Systems (I) Private Limited,+919880799977,sales@onsipl.com,Orchids Network & Systems (I) Private Limited,completed,Answered,"Analyzer error: unterminated string literal (detected at line 226) (call_analyzer.py, line 226)",2026-05-09T17:04:50.326321Z,
16392,Balaji Bag Manufacturers,+919845162511,sales@balajibag.com,Balaji Bag Manufacturers,completed,Answered,"Analyzer error: unterminated string literal (detected at line 226) (call_analyzer.py, line 226)",2026-05-09T17:03:22.712435Z,
16393,Vasanth & Co,+919333593335,onlinesupport@vasanthandco.com,Vasanth & Co,completed,Answered,"Analyzer error: unterminated string literal (detected at line 226) (call_analyzer.py, line 226)",2026-05-09T17:00:44.487255Z,
16394,Hi-Tech Systems & Services Ltd,+919751209884,info@hitechsystemss.com,Hi-Tech Systems & Services Ltd,completed,Answered,"Analyzer error: unterminated string literal (detected at line 226) (call_analyzer.py, line 226)",2026-05-09T16:54:44.178213Z,
16395,Direct HP,+919167986287,hplulu.bng@it-world.in,Direct HP,completed,Answered,"Analyzer error: unterminated string literal (detected at line 226) (call_analyzer.py, line 226)",2026-05-09T16:51:54.158440Z,
16396,Edream,+919663377073,contact@edream.co.in,Edream,completed,Answered,"Analyzer error: unterminated string literal (detected at line 226) (call_analyzer.py, line 226)",2026-05-09T16:40:39.283027Z,
16397,B M Traders,+919886081173,Bmtraders05@gmail.com,B M Traders,completed,Answered,"Analyzer error: unterminated string literal (detected at line 226) (call_analyzer.py, line 226)",2026-05-09T16:39:31.016987Z,
16398,Lenovo India Pvt Ltd,+919739923854,arao4@lenovo.com,Lenovo India Pvt Ltd,completed,Answered,"Analyzer error: unterminated string literal (detected at line 226) (call_analyzer.py, line 226)",2026-05-09T16:37:01.193455Z,
16399,Agni Electronics,+917402253377,accounts@agnielectronics.co.in,Agni Electronics,completed,Answered,"Analyzer error: unterminated string literal (detected at line 226) (call_analyzer.py, line 226)",2026-05-09T16:36:35.770372Z,
16400,Technogreen Airconditioning Pvt Ltd,+919538867796,salestg@technogreenindia.in,Technogreen Airconditioning Pvt Ltd,completed,Answered,"Analyzer error: unterminated string literal (detected at line 226) (call_analyzer.py, line 226)",2026-05-09T16:32:28.736071Z,
16401,Bluestar,+918056104023,sujithdp@bluestarindia.com,Bluestar,completed,Answered,"Analyzer error: unterminated string literal (detected at line 226) (call_analyzer.py, line 226)",2026-05-09T16:30:26.692749Z,
16402,SECUNDERABAD REFRIGERATION & ELECTRICALS,+919866470590,refrigeration@gmail.com,SECUNDERABAD REFRIGERATION & ELECTRICALS,completed,Answered,"Analyzer error: unterminated string literal (detected at line 226) (call_analyzer.py, line 226)",2026-05-09T16:30:09.255944Z,
16403,Terra Cool Solutions,+919880417067,sales@terracoolsolutions.in,Terra Cool Solutions,completed,Answered,"Analyzer error: unterminated string literal (detected at line 226) (call_analyzer.py, line 226)",2026-05-09T16:27:25.340448Z,
16404,GI DUCT FEBRICATION,+919535105217,syedsaif332@gmail.com,GI DUCT FEBRICATION,completed,Answered,"Analyzer error: unterminated string literal (detected at line 226) (call_analyzer.py, line 226)",2026-05-09T16:23:47.750370Z,
16405,STRATPRO HVACR AND BUILDING SOLUTIONS PVT LIMITED,+919663961123,srihari@stratprosolutions.com,STRATPRO HVACR AND BUILDING SOLUTIONS PVT LIMITED,completed,Answered,"Analyzer error: unterminated string literal (detected at line 226) (call_analyzer.py, line 226)",2026-05-09T16:22:47.704499Z,
16406,APEX HVAC ENGINEERS,+919141882774,service@apexhvacengineers.com,APEX HVAC ENGINEERS,completed,Answered,"Analyzer error: unterminated string literal (detected at line 226) (call_analyzer.py, line 226)",2026-05-09T16:22:20.141068Z,
16407,Peace HVAC Engineers,+919743388877,peacehvac@gmail.com,Peace HVAC Engineers,completed,Answered,"Analyzer error: unterminated string literal (detected at line 226) (call_analyzer.py, line 226)",2026-05-09T16:20:32.218256Z,
16408,Intellimech Systems,+919980751391,narayanan@intellimech.co.in,Intellimech Systems,completed,Answered,"Analyzer error: unterminated string literal (detected at line 226) (call_analyzer.py, line 226)",2026-05-09T16:19:11.915807Z,
16409,Panasonic Brand Store Rds & Co,+918291095721,modernworld.ap@gmail.com,Panasonic Brand Store Rds & Co,completed,Answered,"Analyzer error: unterminated string literal (detected at line 226) (call_analyzer.py, line 226)",2026-05-09T16:16:35.173677Z,
16410,Maruthi Aircon Engineers,+919845168316,mae_maruthi@yahoo.com,Maruthi Aircon Engineers,completed,Answered,"Analyzer error: unterminated string literal (detected at line 226) (call_analyzer.py, line 226)",2026-05-09T16:15:55.372541Z,
16411,Climate and Control Solutions,+919880798877,Kschillersolutions@gmail.com,Climate and Control Solutions,completed,Answered,"Analyzer error: unterminated string literal (detected at line 226) (call_analyzer.py, line 226)",2026-05-09T16:15:09.658844Z,
16412,Airtech Engg,+919880494279,airtechengg@gmail.com,Airtech Engg,completed,Answered,"Analyzer error: unterminated string literal (detected at line 226) (call_analyzer.py, line 226)",2026-05-09T16:04:58.971737Z,
16413,Maruthi Electricals,+919686226372,maruthi.electricals26@gmail.com,Maruthi Electricals,completed,Answered,"Analyzer error: unterminated string literal (detected at line 226) (call_analyzer.py, line 226)",2026-05-09T15:57:59.009814Z,
16414,Online Instruments India Pvt Ltd,+919945126726,manoj.b@orangeplus.in,Online Instruments India Pvt Ltd,completed,Answered,"Analyzer error: unterminated string literal (detected at line 226) (call_analyzer.py, line 226)",2026-05-09T15:57:13.214536Z,
16415,Lalith Lamp & Shades,+919980667730,lalithlamp@gmail.com,Lalith Lamp & Shades,completed,Answered,"Analyzer error: unterminated string literal (detected at line 226) (call_analyzer.py, line 226)",2026-05-09T15:56:35.519645Z,
16416,Vaishnavi Enterprises,+919342541594,info@vaishnavipowers.com,Vaishnavi Enterprises,completed,Answered,"Analyzer error: unterminated string literal (detected at line 226) (call_analyzer.py, line 226)",2026-05-09T15:56:16.176351Z,
16417,Noel Technologies,+919845681435,info@noeltechnologies.com,Noel Technologies,completed,Answered,"Analyzer error: unterminated string literal (detected at line 226) (call_analyzer.py, line 226)",2026-05-09T15:54:52.569381Z,
16418,Ganesh Electrical Industrial,+918452815174,ganeshelectricalindustrail@gmail.com,Ganesh Electrical Industrial,completed,Answered,"Analyzer error: unterminated string literal (detected at line 226) (call_analyzer.py, line 226)",2026-05-09T15:52:22.974228Z,
16419,Canara Decor,+919845173865,canarafurnitures@gmail.com,Canara Decor,completed,Answered,"Analyzer error: unterminated string literal (detected at line 226) (call_analyzer.py, line 226)",2026-05-09T15:49:53.241137Z,
16420,Ohmstronics Lighting Solutions,+919600008824,SALES@OHMSTRONICSLIGHTING.COM,Ohmstronics Lighting Solutions,completed,Answered,"Analyzer error: unterminated string literal (detected at line 226) (call_analyzer.py, line 226)",2026-05-09T15:45:50.014715Z,
16421,S R Electronics,+919810838833,rajeshsinghal@yahoo.com,S R Electronics,completed,Answered,"Analyzer error: unterminated string literal (detected at line 226) (call_analyzer.py, line 226)",2026-05-09T15:45:18.511522Z,
16422,Mokshitha Enterprises,+919677200055,MOKSHIIMPEXCO@GMAIL.COM,Mokshitha Enterprises,completed,Answered,"Analyzer error: unterminated string literal (detected at line 226) (call_analyzer.py, line 226)",2026-05-09T15:43:50.880499Z,
16423,Shri Kanakka Durga Electrical Industries,+919444194250,jaisoled@gmail.com,Shri Kanakka Durga Electrical Industries,completed,Answered,"Analyzer error: unterminated string literal (detected at line 226) (call_analyzer.py, line 226)",2026-05-09T15:42:23.422186Z,
16424,Serwell Medi Equip (P) Ltd,+919840023595,info@serwellmedi.com,Serwell Medi Equip (P) Ltd,completed,Answered,"Analyzer error: unterminated string literal (detected at line 226) (call_analyzer.py, line 226)",2026-05-09T15:41:47.688210Z,
16425,Luxstar Industries,+919978814177,info@luxstar.in,Luxstar Industries,completed,Answered,"Analyzer error: unterminated string literal (detected at line 226) (call_analyzer.py, line 226)",2026-05-09T15:41:26.316755Z,
16426,Air System,+919884048888,info@asplparts.com,Air System,completed,Answered,"Analyzer error: unterminated string literal (detected at line 226) (call_analyzer.py, line 226)",2026-05-09T15:41:08.925230Z,
16427,FLIPSOL RENERGY SYSTEMS,+918124200939,flipsolrenergy@gmail.com,FLIPSOL RENERGY SYSTEMS,completed,Answered,"Analyzer error: unterminated string literal (detected at line 226) (call_analyzer.py, line 226)",2026-05-09T15:40:45.369524Z,
16428,TARA TRADERS,+919841153019,balachandar53019@gmail.com,TARA TRADERS,completed,Answered,"Analyzer error: unterminated string literal (detected at line 226) (call_analyzer.py, line 226)",2026-05-09T15:39:08.856255Z,
16429,J P Electronic Devices (India) (P) Ltd,+917949104600,sales@jpedindia.com,J P Electronic Devices (India) (P) Ltd,completed,Answered,"Analyzer error: unterminated string literal (detected at line 226) (call_analyzer.py, line 226)",2026-05-09T15:37:17.769685Z,
16430,Mahaveer Electricals,+918792601704,info@mahaveerelectricals.com,Mahaveer Electricals,completed,Answered,"Analyzer error: unterminated string literal (detected at line 226) (call_analyzer.py, line 226)",2026-05-09T15:34:35.745085Z,
16431,Shiyal Electricals,+918549999979,shiyalelec@yahoo.co.in,Shiyal Electricals,completed,Answered,"Analyzer error: unterminated string literal (detected at line 226) (call_analyzer.py, line 226)",2026-05-09T15:33:53.957999Z,
16432,Navin Electricals & Plumbing Wholesale,+919448393061,laxmansingh15500@gmail.com,Navin Electricals & Plumbing Wholesale,completed,Answered,"Analyzer error: unterminated string literal (detected at line 226) (call_analyzer.py, line 226)",2026-05-09T15:33:28.503700Z,
16433,Ferrari Eastern Fans India Pvt Ltd,+919845071018,fefiblr@fefi.in,Ferrari Eastern Fans India Pvt Ltd,completed,Answered,"Analyzer error: unterminated string literal (detected at line 226) (call_analyzer.py, line 226)",2026-05-09T15:32:38.659029Z,
16434,United Cooling Towers,+919320270004,unitedcoolingtowers9320270004@gmail.com,United Cooling Towers,completed,Answered,"Analyzer error: unterminated string literal (detected at line 226) (call_analyzer.py, line 226)",2026-05-09T15:31:07.104062Z,
16435,GI DUCT FEBRICATION,+919535105217,syedsaif332@gmail.com,GI DUCT FEBRICATION,completed,Answered,"Analyzer error: unterminated string literal (detected at line 226) (call_analyzer.py, line 226)",2026-05-09T15:25:14.581491Z,
16436,Sri Venkateshwara Air Systems,+919980233521,svairsystem@gmail.com,Sri Venkateshwara Air Systems,completed,Answered,"Analyzer error: unterminated string literal (detected at line 226) (call_analyzer.py, line 226)",2026-05-09T15:24:46.947238Z,
16437,Shricap Electronics,+919373901275,shricapelectronics@gmail.com,Shricap Electronics,completed,Answered,"Analyzer error: unterminated string literal (detected at line 226) (call_analyzer.py, line 226)",2026-05-09T15:21:18.514256Z,
16438,AMAR RADIO CORPORATION,+917975477851,sales84@amarradio.com,AMAR RADIO CORPORATION,completed,Answered,"Analyzer error: unterminated string literal (detected at line 226) (call_analyzer.py, line 226)",2026-05-09T15:19:46.758652Z,
16439,Vends Tech India Pvt. Ltd.,+919858585599,sales@vendsindia.com,Vends Tech India Pvt. Ltd.,completed,Answered,"Analyzer error: unterminated string literal (detected at line 226) (call_analyzer.py, line 226)",2026-05-09T15:19:19.297056Z,
16440,Suman Electric Udyog Pvt Ltd.,+919590376643,sales@sumanblr.com,Suman Electric Udyog Pvt Ltd.,completed,Answered,"Analyzer error: unterminated string literal (detected at line 226) (call_analyzer.py, line 226)",2026-05-09T15:18:39.447738Z,
16441,Mohan Exim India Private Limited,+919090903837,sales@mohanexim.com,Mohan Exim India Private Limited,completed,Answered,"Analyzer error: unterminated string literal (detected at line 226) (call_analyzer.py, line 226)",2026-05-09T15:16:51.581572Z,
16442,AMMAN ENTERPRISES,+918148677441,sales@ammanindia.com,AMMAN ENTERPRISES,completed,Answered,"Analyzer error: unterminated string literal (detected at line 226) (call_analyzer.py, line 226)",2026-05-09T15:14:28.089562Z,
16443,Ajanta Electricals,+919873656341,sales@ajantaelectrical.com,Ajanta Electricals,completed,Answered,"Analyzer error: unterminated string literal (detected at line 226) (call_analyzer.py, line 226)",2026-05-09T15:13:23.976741Z,
16444,AIRE MASKIN PRIVATE LIMITED,+919900096975,sales@airemaskin.com,AIRE MASKIN PRIVATE LIMITED,completed,Answered,"Analyzer error: unterminated string literal (detected at line 226) (call_analyzer.py, line 226)",2026-05-09T15:12:44.270001Z,
16445,Vishal Foundry,+919904088271,info@vishalfoundry.in,Vishal Foundry,completed,Answered,"Analyzer error: unterminated string literal (detected at line 226) (call_analyzer.py, line 226)",2026-05-09T15:11:01.601971Z,
16446,UNIMAC CONTROL SYSTEMS,+919825012198,info@unimacvalves.co.in,UNIMAC CONTROL SYSTEMS,completed,Answered,"Analyzer error: unterminated string literal (detected at line 226) (call_analyzer.py, line 226)",2026-05-09T15:07:53.466859Z,
16447,Sigma Scientific Glass Pvt. Ltd.,+919879619121,info@sigmaglassindia.com,Sigma Scientific Glass Pvt. Ltd.,completed,Answered,"Analyzer error: unterminated string literal (detected at line 226) (call_analyzer.py, line 226)",2026-05-09T15:04:27.803368Z,
16448,Meena cast Pvt Ltd,+919824234488,info@meenacast.com,Meena cast Pvt Ltd,completed,Answered,"Analyzer error: unterminated string literal (detected at line 226) (call_analyzer.py, line 226)",2026-05-09T14:59:45.711503Z,
16449,Hitech Instrumentation,+919920384497,info@hitechints.com,Hitech Instrumentation,completed,Answered,"Analyzer error: unterminated string literal (detected at line 226) (call_analyzer.py, line 226)",2026-05-09T14:52:26.538989Z,
16450,Amtech a Valves,+919426212368,info@amtechvalves.com,Amtech a Valves,completed,Answered,"Analyzer error: unterminated string literal (detected at line 226) (call_analyzer.py, line 226)",2026-05-09T14:44:23.858033Z,
16451,Airmax Gujarat Private Limited,+919723371577,info@airmaxgujarat.com,Airmax Gujarat Private Limited,completed,Answered,"Analyzer error: unterminated string literal (detected at line 226) (call_analyzer.py, line 226)",2026-05-09T14:44:04.516972Z,
16452,HydroFit Hydraulic,+919327046296,hydrofitmarketing@gmail.com,HydroFit Hydraulic,completed,Answered,"Analyzer error: unterminated string literal (detected at line 226) (call_analyzer.py, line 226)",2026-05-09T14:42:26.847816Z,
16453,Boilerhouse Corporation,+919825610428,harshad.darji@bhcgroup.in,Boilerhouse Corporation,completed,Answered,"Analyzer error: unterminated string literal (detected at line 226) (call_analyzer.py, line 226)",2026-05-09T14:38:25.466179Z,
16454,Ferrotech Vavles,+919909962546,ftechvalves@gmail.com,Ferrotech Vavles,completed,Answered,"Analyzer error: unterminated string literal (detected at line 226) (call_analyzer.py, line 226)",2026-05-09T14:37:41.154492Z,
16455,ROTEX AUTOMATION LIMITED,+918792739273,enq@rotexautomation.com,ROTEX AUTOMATION LIMITED,completed,Answered,"Analyzer error: unterminated string literal (detected at line 226) (call_analyzer.py, line 226)",2026-05-09T14:35:55.376238Z,
16456,AIR POWER SERVICE,+919924913133,airpowerservice@gmail.com,AIR POWER SERVICE,completed,Answered,"Analyzer error: unterminated string literal (detected at line 226) (call_analyzer.py, line 226)",2026-05-09T14:31:07.392760Z,
16457,Charlston Lights,+917575885582,contactus@charlstonlights.com,Charlston Lights,completed,Answered,"Analyzer error: unterminated string literal (detected at line 226) (call_analyzer.py, line 226)",2026-05-09T14:29:00.114940Z,
16458,Trizon Electricals,+918320374642,trizonelectricals@gmail.com,Trizon Electricals,completed,Answered,"Analyzer error: unterminated string literal (detected at line 226) (call_analyzer.py, line 226)",2026-05-09T14:28:24.435203Z,
16459,Micro Energy System,+919512112191,Sales.microenergysystem@gmail.com,Micro Energy System,completed,Answered,"Analyzer error: unterminated string literal (detected at line 226) (call_analyzer.py, line 226)",2026-05-09T14:27:54.718488Z,
16460,Umiya Assembly Technologies,+917984668167,umiyaassembly@gmail.com,Umiya Assembly Technologies,completed,Answered,"Analyzer error: unterminated string literal (detected at line 226) (call_analyzer.py, line 226)",2026-05-09T14:27:35.364237Z,
16461,Philips Smart Light Hub,+918238331104,pratik@palmtraders.in,Philips Smart Light Hub,completed,Answered,"Analyzer error: unterminated string literal (detected at line 226) (call_analyzer.py, line 226)",2026-05-09T14:25:05.948242Z,
16462,JABLA LIGHTINGS,+919016318422,nilay@cleanroomproduct.com,JABLA LIGHTINGS,completed,Answered,"Analyzer error: unterminated string literal (detected at line 226) (call_analyzer.py, line 226)",2026-05-09T14:23:47.646776Z,
16463,LIGHT SPACE,+918487959800,lightspace@gmail.com,LIGHT SPACE,completed,Answered,"Analyzer error: unterminated string literal (detected at line 226) (call_analyzer.py, line 226)",2026-05-09T14:21:30.956192Z,
16464,R.S.Electricals,+919903667738,inforselc@gmail.com,R.S.Electricals,completed,Answered,"Analyzer error: unterminated string literal (detected at line 226) (call_analyzer.py, line 226)",2026-05-09T14:18:06.535830Z,
16465,Dhanashree Electronics Ltd,+919007825555,info@rashmilighting.com,Dhanashree Electronics Ltd,completed,Answered,"Analyzer error: unterminated string literal (detected at line 226) (call_analyzer.py, line 226)",2026-05-09T14:15:38.476569Z,
16466,GMDT MARINE &INDUSTRIAL ENGINEERING PVT. LTD,+919427187035,info@gmdtengineering.com,GMDT MARINE &INDUSTRIAL ENGINEERING PVT. LTD,completed,Answered,"Analyzer error: unterminated string literal (detected at line 226) (call_analyzer.py, line 226)",2026-05-09T14:12:28.397262Z,
16467,Accu- Tech Engineering,+919998700941,info@accutechflpfan.com,Accu- Tech Engineering,completed,Answered,"Analyzer error: unterminated string literal (detected at line 226) (call_analyzer.py, line 226)",2026-05-09T14:10:40.040827Z,
16468,LIGHT ON Lighting Fixture,+919825051404,Crown_hetal@yahoo.com,LIGHT ON Lighting Fixture,completed,Answered,"Analyzer error: unterminated string literal (detected at line 226) (call_analyzer.py, line 226)",2026-05-09T14:05:10.829656Z,
16469,Bright Ideas Lighting Solutions,+919909907012,contact@brightideas.in,Bright Ideas Lighting Solutions,completed,Answered,"Analyzer error: unterminated string literal (detected at line 226) (call_analyzer.py, line 226)",2026-05-09T14:04:49.361595Z,
16470,KWW ELECTRICALS & ELECTRONICS PRIVA,+919836786363,care@kwwelectricals.com,KWW ELECTRICALS & ELECTRONICS PRIVA,completed,Answered,"Analyzer error: unterminated string literal (detected at line 226) (call_analyzer.py, line 226)",2026-05-09T14:04:27.994370Z,
16471,Jenil International (SKF Bearings Stockist & Distributor),+919757038405,info@jenilinternational.com,Jenil International (SKF Bearings Stockist & Distributor),completed,Answered,"Analyzer error: unterminated string literal (detected at line 226) (call_analyzer.py, line 226)",2026-05-09T13:59:59.157349Z,
16472,Josts Engineering Company Ltd,+919822623782,jostsho@josts.in,Josts Engineering Company Ltd,completed,Answered,"Analyzer error: unterminated string literal (detected at line 226) (call_analyzer.py, line 226)",2026-05-09T13:59:33.668830Z,
16473,Industrial Crafts,+919904282645,sagar.nribm2014@gmail.com,Industrial Crafts,completed,Answered,"Analyzer error: unterminated string literal (detected at line 226) (call_analyzer.py, line 226)",2026-05-09T13:56:16.076608Z,
16474,Avcon Systems,+917359210222,easymoveindia@hotmail.com,Avcon Systems,completed,Answered,"Analyzer error: unterminated string literal (detected at line 226) (call_analyzer.py, line 226)",2026-05-09T13:54:48.045802Z,
16475,Gemini Equipment and Rentals (P) Ltd,+919029251253,info@gear-india.com,Gemini Equipment and Rentals (P) Ltd,completed,Answered,"Analyzer error: unterminated string literal (detected at line 226) (call_analyzer.py, line 226)",2026-05-09T13:46:38.727323Z,
16476,Shree Ram Air-Tech,+919730072214,ductcooler@gmail.com,Shree Ram Air-Tech,completed,Answered,"Analyzer error: unterminated string literal (detected at line 226) (call_analyzer.py, line 226)",2026-05-09T13:45:38.932652Z,
16477,Z AIRCON ENTERPRISES,+918454003371,zairconenterprises@gmail.com,Z AIRCON ENTERPRISES,completed,Answered,"Analyzer error: unterminated string literal (detected at line 226) (call_analyzer.py, line 226)",2026-05-09T13:44:16.679404Z,
16478,National Aircon,+919833395951,nationalaircon.sale@gmail.com,National Aircon,completed,Answered,"Analyzer error: unterminated string literal (detected at line 226) (call_analyzer.py, line 226)",2026-05-09T13:40:28.302129Z,
16479,Snehanjali Electronics And Trading PVT LTD,+918422812255,info@snehanjali.in,Snehanjali Electronics And Trading PVT LTD,completed,Answered,"Analyzer error: unterminated string literal (detected at line 226) (call_analyzer.py, line 226)",2026-05-09T13:39:03.608122Z,
16480,Shree Ram Air-Tech,+919730072214,ductcooler@gmail.com,Shree Ram Air-Tech,completed,Answered,"Analyzer error: unterminated string literal (detected at line 226) (call_analyzer.py, line 226)",2026-05-09T13:36:06.829452Z,
16481,Z AIRCON ENTERPRISES,+918454003371,zairconenterprises@gmail.com,Z AIRCON ENTERPRISES,completed,Answered,"Analyzer error: unterminated string literal (detected at line 226) (call_analyzer.py, line 226)",2026-05-09T13:35:13.292606Z,
16482,Vends Tech India Pvt. Ltd.,+919858585599,sales@vendsindia.com,Vends Tech India Pvt. Ltd.,completed,Answered,"Analyzer error: unterminated string literal (detected at line 226) (call_analyzer.py, line 226)",2026-05-09T13:33:55.449651Z,
16483,National Aircon,+919833395951,nationalaircon.sale@gmail.com,National Aircon,completed,Answered,"Analyzer error: unterminated string literal (detected at line 226) (call_analyzer.py, line 226)",2026-05-09T13:32:37.625564Z,
16484,Sujata Enterprises,+918097182413,sujataenterprise345@gmail.com,Sujata Enterprises,completed,Answered,"Analyzer error: unterminated string literal (detected at line 226) (call_analyzer.py, line 226)",2026-05-09T13:25:06.707108Z,
16485,Panasonic Exclusive Store Sahakar Electronics,+918291342998,sahakarelectronics@gmail.com,Panasonic Exclusive Store Sahakar Electronics,completed,Answered,"Analyzer error: unterminated string literal (detected at line 226) (call_analyzer.py, line 226)",2026-05-09T13:17:36.958644Z,
16486,Matrix Distributor Pvt. Ltd.,+919702042070,atul@matrixdistributor.com,Matrix Distributor Pvt. Ltd.,completed,Answered,"Analyzer error: unterminated string literal (detected at line 226) (call_analyzer.py, line 226)",2026-05-09T13:10:45.314317Z,
16487,Signals & Systems (India) Private Limited,+919321048600,sales@sandsindia.com,Signals & Systems (India) Private Limited,completed,Answered,"Analyzer error: unterminated string literal (detected at line 226) (call_analyzer.py, line 226)",2026-05-09T13:06:46.597388Z,
16488,System Needs,+919845543444,support@systemneeds.in,System Needs,completed,Answered,"Analyzer error: unterminated string literal (detected at line 226) (call_analyzer.py, line 226)",2026-05-09T12:59:02.175981Z,
16489,Ani Enterprise,+919940222404,anienterprise9@gmail.com,Ani Enterprise,completed,Answered,"Analyzer error: unterminated string literal (detected at line 226) (call_analyzer.py, line 226)",2026-05-09T12:58:40.806732Z,
16490,Top Gun Network Technologies Pvt Ltd,+919845071018,info@topguntechnologies.com,Top Gun Network Technologies Pvt Ltd,completed,Answered,"Analyzer error: unterminated string literal (detected at line 226) (call_analyzer.py, line 226)",2026-05-09T12:56:40.118751Z,
16491,GADGETOLOGY NETWORK PRIVATE LIMITED,+917899402171,support@gadgetology.in,GADGETOLOGY NETWORK PRIVATE LIMITED,completed,Answered,"Analyzer error: unterminated string literal (detected at line 226) (call_analyzer.py, line 226)",2026-05-09T12:51:29.395094Z,
16492,Dynamic It Services,+919810735243,sunilyadav@dynamicitservices.in,Dynamic It Services,completed,Answered,"Analyzer error: unterminated string literal (detected at line 226) (call_analyzer.py, line 226)",2026-05-09T12:47:03.481343Z,
16493,AMAR RADIO CORPORATION,+917975477851,sales84@amarradio.com,AMAR RADIO CORPORATION,completed,Answered,"Analyzer error: unterminated string literal (detected at line 226) (call_analyzer.py, line 226)",2026-05-09T12:44:16.978208Z,
16494,TenX Services Private Limited,+919916949898,sales@tenxworld.com,TenX Services Private Limited,completed,Answered,"Analyzer error: unterminated string literal (detected at line 226) (call_analyzer.py, line 226)",2026-05-09T12:42:53.053927Z,
16495,Square network solutions Pvt Ltd,+919840987432,sales@squarenet.in,Square network solutions Pvt Ltd,completed,Answered,"Analyzer error: unterminated string literal (detected at line 226) (call_analyzer.py, line 226)",2026-05-09T12:41:08.893802Z,
16496,Sertel Electronics (P) Ltd,+919385090333,sales@sertelelectronics.com,Sertel Electronics (P) Ltd,completed,Answered,"Analyzer error: unterminated string literal (detected at line 226) (call_analyzer.py, line 226)",2026-05-09T12:39:38.911784Z,
16497,Kamalveer Systems,+918886331764,sales@kamalveersystems.net,Kamalveer Systems,completed,Answered,"Analyzer error: unterminated string literal (detected at line 226) (call_analyzer.py, line 226)",2026-05-09T12:37:16.633406Z,
16498,TermVertex Blr,+919845076102,prathishraj@teamvertex.com,TermVertex Blr,completed,Answered,"Analyzer error: unterminated string literal (detected at line 226) (call_analyzer.py, line 226)",2026-05-09T12:33:16.199886Z,
16499,Synergy Systems & Pheripherals,+919841746593,nfo1@synergysystem.in,Synergy Systems & Pheripherals,completed,Answered,"Analyzer error: unterminated string literal (detected at line 226) (call_analyzer.py, line 226)",2026-05-09T12:29:51.361906Z,
16500,Amoolya Systems Technologies,+919980199974,murali@amoolyasystems.com,Amoolya Systems Technologies,completed,Answered,"Analyzer error: unterminated string literal (detected at line 226) (call_analyzer.py, line 226)",2026-05-09T12:28:18.956585Z,
16501,Team Engineers,+919949150099,info@teamengineers.in,Team Engineers,completed,Answered,"Analyzer error: unterminated string literal (detected at line 226) (call_analyzer.py, line 226)",2026-05-09T12:24:58.160434Z,
16502,S H Telecom Services,+919848174559,info@shtelecom.net,S H Telecom Services,completed,Answered,"Analyzer error: unterminated string literal (detected at line 226) (call_analyzer.py, line 226)",2026-05-09T12:23:52.184304Z,
16503,Server Parts,+919391440440,info@serverparts.in,Server Parts,completed,Answered,"Analyzer error: unterminated string literal (detected at line 226) (call_analyzer.py, line 226)",2026-05-09T12:23:10.451901Z,
16504,Hegde Instrumentation & Engineering,+919482395368,hegdeinstrumentation@gmail.com,Hegde Instrumentation & Engineering,completed,Answered,"Analyzer error: unterminated string literal (detected at line 226) (call_analyzer.py, line 226)",2026-05-09T12:14:34.436799Z,
16505,ServerCart,+919343334445,greenitblr@gmail.com,ServerCart,completed,Answered,"Analyzer error: unterminated string literal (detected at line 226) (call_analyzer.py, line 226)",2026-05-09T12:13:40.612615Z,
16506,Net Rack,+919243188118,enquiry@netrackindia.com,Net Rack,completed,Answered,"Analyzer error: unterminated string literal (detected at line 226) (call_analyzer.py, line 226)",2026-05-09T12:11:48.156963Z,
16507,Jyeshtha Solutions Pvt. Ltd.,+919845104804,contact@jyeshtha.com,Jyeshtha Solutions Pvt. Ltd.,completed,Answered,"Analyzer error: unterminated string literal (detected at line 226) (call_analyzer.py, line 226)",2026-05-09T12:10:52.317812Z,
16508,Dynamic It Services,+919810735243,sunilyadav@dynamicitservices.in,Dynamic It Services,completed,Answered,"Analyzer error: unterminated string literal (detected at line 226) (call_analyzer.py, line 226)",2026-05-09T12:06:31.491186Z,
16509,Green it Soluzione,+918879739774,samkhancisco1993@gmail.com,Green it Soluzione,completed,Answered,"Analyzer error: unterminated string literal (detected at line 226) (call_analyzer.py, line 226)",2026-05-09T12:03:36.414458Z,
16510,Secure Tel Networks Inc,+919448082646,Info@Securetel.In,Secure Tel Networks Inc,completed,Answered,"Analyzer error: unterminated string literal (detected at line 226) (call_analyzer.py, line 226)",2026-05-09T12:02:18.335853Z,
16511,METAPOINT TECHNOLOGIES PVT LTD,+919989544438,hari@metapoint.in,METAPOINT TECHNOLOGIES PVT LTD,completed,Answered,"Analyzer error: unterminated string literal (detected at line 226) (call_analyzer.py, line 226)",2026-05-09T12:00:31.541206Z,
16512,S V Greentech Private Limited,+919371106436,rihanmalik986@gmail.com,S V Greentech Private Limited,completed,Answered,"Analyzer error: unterminated string literal (detected at line 226) (call_analyzer.py, line 226)",2026-05-09T11:58:59.478295Z,
16513,Sunsign Solar,+919860204002,infosunsign99@gmail.com,Sunsign Solar,completed,Answered,"Analyzer error: unterminated string literal (detected at line 226) (call_analyzer.py, line 226)",2026-05-09T11:54:45.449592Z,
16514,Waaree Solar Power Centre,+919764868688,anuradha.thakur@prianenergy.com,Waaree Solar Power Centre,completed,Answered,"Analyzer error: unterminated string literal (detected at line 226) (call_analyzer.py, line 226)",2026-05-09T11:53:01.003172Z,
16515,Costa Power Industries Pvt. Ltd.,+917971671193,sunil@upscbatteriesindia.com,Costa Power Industries Pvt. Ltd.,completed,Answered,"Analyzer error: unterminated string literal (detected at line 226) (call_analyzer.py, line 226)",2026-05-09T11:45:34.672893Z,
16516,Skynet Power Solutions Pvt. Ltd.,+919930682519,sales@skynetups.in,Skynet Power Solutions Pvt. Ltd.,completed,Answered,"Analyzer error: unterminated string literal (detected at line 226) (call_analyzer.py, line 226)",2026-05-09T11:39:50.194656Z,
16517,Opal Electronics,+919822191181,sales@opelelectronics.com,Opal Electronics,completed,Answered,"Analyzer error: unterminated string literal (detected at line 226) (call_analyzer.py, line 226)",2026-05-09T11:34:30.557000Z,
16518,Batt Power Company,+919860178649,sales@battpower.in,Batt Power Company,completed,Answered,"Analyzer error: unterminated string literal (detected at line 226) (call_analyzer.py, line 226)",2026-05-09T11:33:06.512494Z,
16519,Power & Communication Engineers,+919423103971,pce_avi@yahoo.co.in,Power & Communication Engineers,completed,Answered,"Analyzer error: unterminated string literal (detected at line 226) (call_analyzer.py, line 226)",2026-05-09T11:31:46.562321Z,
16520,Prism Electronics And Technologies,+919224591774,office@gadget.co.in,Prism Electronics And Technologies,completed,Answered,"Analyzer error: unterminated string literal (detected at line 226) (call_analyzer.py, line 226)",2026-05-09T11:26:10.754954Z,
16521,MK POWER DISTRIBUTORS,+919021353189,mkpowersystem74@gmail.com,MK POWER DISTRIBUTORS,completed,Answered,"Analyzer error: unterminated string literal (detected at line 226) (call_analyzer.py, line 226)",2026-05-09T11:21:50.213676Z,
16522,J K Power Guard,+919302093090,jkpowerguard@yahoo.com,J K Power Guard,completed,Answered,"Analyzer error: unterminated string literal (detected at line 226) (call_analyzer.py, line 226)",2026-05-09T11:20:50.430970Z,
16523,Super Tech Power Systems,+919821170829,info@supertechpower.com,Super Tech Power Systems,completed,Answered,"Analyzer error: unterminated string literal (detected at line 226) (call_analyzer.py, line 226)",2026-05-09T11:20:29.048424Z,
16524,S M Power Systems,+919922516363,info@smpowersystems.com,S M Power Systems,completed,Answered,"Analyzer error: unterminated string literal (detected at line 226) (call_analyzer.py, line 226)",2026-05-09T11:19:04.603281Z,
16525,Pacicon Infopower (P) Ltd,+917122554412,info@pacicon.in  prashant@pacicon.in,Pacicon Infopower (P) Ltd,completed,Answered,"Analyzer error: unterminated string literal (detected at line 226) (call_analyzer.py, line 226)",2026-05-09T11:17:38.879611Z,
16526,Namrata Power Systems,+919762061555,info@namratapower.com,Namrata Power Systems,completed,Answered,"Analyzer error: unterminated string literal (detected at line 226) (call_analyzer.py, line 226)",2026-05-09T11:16:42.809299Z,
16527,Mahavir Sys Power Pvt Limited,+919930335655,info@msplgroup.com,Mahavir Sys Power Pvt Limited,completed,Answered,"Analyzer error: unterminated string literal (detected at line 226) (call_analyzer.py, line 226)",2026-05-09T11:16:00.914902Z,
16528,Hyderabad AC Services,+918712322475,info@hyderabadacservices.com,Hyderabad AC Services,completed,Answered,"Analyzer error: unterminated string literal (detected at line 226) (call_analyzer.py, line 226)",2026-05-09T11:15:29.282936Z,
16529,R.P. Electronics,+919436128303,electronicsrp720@gmail.com,R.P. Electronics,completed,Answered,"Analyzer error: unterminated string literal (detected at line 226) (call_analyzer.py, line 226)",2026-05-09T11:12:46.434503Z,
16530,AG Power Systems,+919867731444,agpowercompany@gmailcom,AG Power Systems,completed,Answered,"Analyzer error: unterminated string literal (detected at line 226) (call_analyzer.py, line 226)",2026-05-09T11:10:28.074970Z,
16531,KRITI STEEL Industries,+919892706144,kirtisteel121@rediffmail.com,KRITI STEEL Industries,completed,Answered,"Analyzer error: unterminated string literal (detected at line 226) (call_analyzer.py, line 226)",2026-05-09T11:07:07.268112Z,
16532,Kantilal and Sons Woodworks Private Limited,+919920252122,kcowood@hotmail.com,Kantilal and Sons Woodworks Private Limited,completed,Answered,"Analyzer error: unterminated string literal (detected at line 226) (call_analyzer.py, line 226)",2026-05-09T11:05:51.421284Z,
16533,Trinity Packaging Co Pvt Ltd,+919773322483,info@trinitypallet.com,Trinity Packaging Co Pvt Ltd,completed,Answered,"Analyzer error: unterminated string literal (detected at line 226) (call_analyzer.py, line 226)",2026-05-09T11:01:52.391673Z,
16534,PROGRESSIVE TIMBER PVT LTD,+919619442266,info@progressivetimber.com,PROGRESSIVE TIMBER PVT LTD,completed,Answered,"Analyzer error: unterminated string literal (detected at line 226) (call_analyzer.py, line 226)",2026-05-09T10:58:05.211087Z,
16535,Pepcopp Pest Control Services,+919833233406,info@pepcopp.co.in,Pepcopp Pest Control Services,completed,Answered,"Analyzer error: unterminated string literal (detected at line 226) (call_analyzer.py, line 226)",2026-05-09T10:57:31.321981Z,
16536,Matere Packaging,+919881316625,info@materepackaging.com,Matere Packaging,completed,Answered,"Analyzer error: unterminated string literal (detected at line 226) (call_analyzer.py, line 226)",2026-05-09T10:54:43.361588Z,
16537,Gravity Lab Laboratory Equipment,+919821198397,info@gravitylab.in,Gravity Lab Laboratory Equipment,completed,Answered,"Analyzer error: unterminated string literal (detected at line 226) (call_analyzer.py, line 226)",2026-05-09T10:53:07.703427Z,
16538,Chopda Industries,+919823722209,info@chopdaindustries.com,Chopda Industries,completed,Answered,"Analyzer error: unterminated string literal (detected at line 226) (call_analyzer.py, line 226)",2026-05-09T10:52:52.373518Z,
16539,AVON APPLIANCES,+919820084688,info@avonappliances.com,AVON APPLIANCES,completed,Answered,"Analyzer error: unterminated string literal (detected at line 226) (call_analyzer.py, line 226)",2026-05-09T10:50:40.979563Z,
16540,Classic Flooring & Interior (P) Ltd,+919019335959,himanshu.sm@squarefoot.co.in,Classic Flooring & Interior (P) Ltd,completed,Answered,"Analyzer error: unterminated string literal (detected at line 226) (call_analyzer.py, line 226)",2026-05-09T10:49:04.310138Z,
16541,Beautex Industries,+919022150000,happy2help@beautex.in,Beautex Industries,completed,Answered,"Analyzer error: unterminated string literal (detected at line 226) (call_analyzer.py, line 226)",2026-05-09T10:47:39.983528Z,
16542,Stallion Paints,+917842085441,stallionpaints@gmail.com,Stallion Paints,completed,Answered,"Analyzer error: unterminated string literal (detected at line 226) (call_analyzer.py, line 226)",2026-05-09T10:42:59.896287Z,
16543,Colour India Paints Industries,+919848192088,colour_mk@yahoo.com,Colour India Paints Industries,completed,Answered,"Analyzer error: unterminated string literal (detected at line 226) (call_analyzer.py, line 226)",2026-05-09T10:42:03.114391Z,
16544,Shades,+919885374724,shadesno1@gmail.com,Shades,completed,Answered,"Analyzer error: unterminated string literal (detected at line 226) (call_analyzer.py, line 226)",2026-05-09T10:38:06.663072Z,
16545,Monarch Paints,+919966664269,monarchpaintz@gmail.com,Monarch Paints,completed,Answered,"Analyzer error: unterminated string literal (detected at line 226) (call_analyzer.py, line 226)",2026-05-09T10:36:44.687541Z,
16546,Nav Shakti Paints And Chemicals,+919848040845,nav_shakti@rediffmail.com,Nav Shakti Paints And Chemicals,completed,Answered,"Analyzer error: unterminated string literal (detected at line 226) (call_analyzer.py, line 226)",2026-05-09T10:26:39.761510Z,
16547,Lakshmi Gayatri Agency,+919000929219,lakshmigayatri99@gmail.com,Lakshmi Gayatri Agency,completed,Answered,"Analyzer error: unterminated string literal (detected at line 226) (call_analyzer.py, line 226)",2026-05-09T10:25:47.737808Z,
16548,Kailash Hardware Corporation & Kailash Enterprises,+919848287732,kailashwirenetting@gmail.com,Kailash Hardware Corporation & Kailash Enterprises,completed,Answered,"Analyzer error: unterminated string literal (detected at line 226) (call_analyzer.py, line 226)",2026-05-09T10:24:39.665758Z,
16549,Fosroc Chemicals (India) (P) Ltd,+917411011070,enquiry.india@fosroc.com,Fosroc Chemicals (India) (P) Ltd,completed,Answered,"Analyzer error: unterminated string literal (detected at line 226) (call_analyzer.py, line 226)",2026-05-09T10:19:32.180500Z,
16550,EagleCoats,+919121230001,eaglecoats@rediffmail.com,EagleCoats,completed,Answered,"Analyzer error: unterminated string literal (detected at line 226) (call_analyzer.py, line 226)",2026-05-09T10:17:27.492786Z,
16551,Sai Sravanthi Enterprises,+919573437171,civilizemart@gmail.com,Sai Sravanthi Enterprises,completed,Answered,"Analyzer error: unterminated string literal (detected at line 226) (call_analyzer.py, line 226)",2026-05-09T10:13:07.622737Z,
16552,EXPERT ENTERPRISES,+919826609826,expertenterprises003@gmail.com,EXPERT ENTERPRISES,completed,Answered,"Analyzer error: unterminated string literal (detected at line 226) (call_analyzer.py, line 226)",2026-05-09T10:11:53.765078Z,
16553,OM INFOTECH,+919587194871,info@ominfotechindia.com,OM INFOTECH,completed,Answered,"Analyzer error: unterminated string literal (detected at line 226) (call_analyzer.py, line 226)",2026-05-09T10:08:16.860645Z,
16554,Microtouch Infotech Pvt Ltd,+919448066586,info@microtouch.co.in,Microtouch Infotech Pvt Ltd,completed,Answered,"Analyzer error: unterminated string literal (detected at line 226) (call_analyzer.py, line 226)",2026-05-09T09:52:32.397673Z,
16555,Zebronics India Private Limited,+919331386745,itsales.support1@zebronics.com,Zebronics India Private Limited,completed,Answered,"Analyzer error: unterminated string literal (detected at line 226) (call_analyzer.py, line 226)",2026-05-09T09:50:52.133419Z,
16556,Kothari Electro World,+917892898221,kotharielectroworld@yahoo.com,Kothari Electro World,completed,Answered,"Analyzer error: unterminated string literal (detected at line 226) (call_analyzer.py, line 226)",2026-05-09T09:50:40.889241Z,
16557,System Needs,+919845543444,support@systemneeds.in,System Needs,completed,Answered,"Analyzer error: unterminated string literal (detected at line 226) (call_analyzer.py, line 226)",2026-05-09T09:50:17.362556Z,
16558,K. S. Reddy's Enterprises,+919986015112,www.mishop.in@gmail.com,K. S. Reddy's Enterprises,completed,Answered,"Analyzer error: unterminated string literal (detected at line 226) (call_analyzer.py, line 226)",2026-05-09T09:48:00.875100Z,
16559,GADGETOLOGY NETWORK PRIVATE LIMITED,+917899402171,support@gadgetology.in,GADGETOLOGY NETWORK PRIVATE LIMITED,completed,Answered,"Analyzer error: unterminated string literal (detected at line 226) (call_analyzer.py, line 226)",2026-05-09T09:46:41.661024Z,
16560,Square network solutions Pvt Ltd,+919840987432,sales@squarenet.in,Square network solutions Pvt Ltd,completed,Answered,"Analyzer error: unterminated string literal (detected at line 226) (call_analyzer.py, line 226)",2026-05-09T09:44:17.936300Z,
16561,Orchids Network & Systems (I) Private Limited,+919880799977,sales@onsipl.com,Orchids Network & Systems (I) Private Limited,completed,Answered,"Analyzer error: unterminated string literal (detected at line 226) (call_analyzer.py, line 226)",2026-05-09T09:41:46.786559Z,
16562,Prodigy Computers and Laptops Pvt Lt,+919985356363,prodigyhyderabad@gmail.com,Prodigy Computers and Laptops Pvt Lt,completed,Answered,"Analyzer error: unterminated string literal (detected at line 226) (call_analyzer.py, line 226)",2026-05-09T09:38:39.580199Z,
16563,Amoolya Systems Technologies,+919980199974,murali@amoolyasystems.com,Amoolya Systems Technologies,completed,Answered,"Analyzer error: unterminated string literal (detected at line 226) (call_analyzer.py, line 226)",2026-05-09T09:35:16.363257Z,
16564,Smart Branding Solutions,+919381784215,info@smartbranding.top,Smart Branding Solutions,completed,Answered,"Analyzer error: unterminated string literal (detected at line 226) (call_analyzer.py, line 226)",2026-05-09T09:33:08.559253Z,
16565,Direct HP,+919167986287,hplulu.bng@it-world.in,Direct HP,completed,Answered,"Analyzer error: unterminated string literal (detected at line 226) (call_analyzer.py, line 226)",2026-05-09T09:30:09.757987Z,
16566,Globrands Lifestyle Pvt Ltd,+919900026647,enquiry@globrandslifestyle.com,Globrands Lifestyle Pvt Ltd,completed,Answered,"Analyzer error: unterminated string literal (detected at line 226) (call_analyzer.py, line 226)",2026-05-09T09:28:49.849529Z,
16567,CustomWish Corporate Gifts,+919886888572,contact@thecustomwish.com,CustomWish Corporate Gifts,completed,Answered,"Analyzer error: unterminated string literal (detected at line 226) (call_analyzer.py, line 226)",2026-05-09T09:27:27.738422Z,
16568,Edream,+919663377073,contact@edream.co.in,Edream,completed,Answered,"Analyzer error: unterminated string literal (detected at line 226) (call_analyzer.py, line 226)",2026-05-09T09:25:57.630934Z,
16569,B M Traders,+919886081173,Bmtraders05@gmail.com,B M Traders,completed,Answered,"Analyzer error: unterminated string literal (detected at line 226) (call_analyzer.py, line 226)",2026-05-09T09:22:44.610312Z,
16570,LAPTOP STORE INDIA,+919500156666,asusstoremarathahalli@laptopstoreindia.com,LAPTOP STORE INDIA,completed,Answered,"Analyzer error: unterminated string literal (detected at line 226) (call_analyzer.py, line 226)",2026-05-09T09:16:59.916023Z,
16571,Lenovo India Pvt Ltd,+919739923854,arao4@lenovo.com,Lenovo India Pvt Ltd,completed,Answered,"Analyzer error: unterminated string literal (detected at line 226) (call_analyzer.py, line 226)",2026-05-09T09:14:27.842814Z,
16572,EXPERT ENTERPRISES,+919826609826,expertenterprises003@gmail.com,EXPERT ENTERPRISES,completed,Answered,"Analyzer error: unterminated string literal (detected at line 226) (call_analyzer.py, line 226)",2026-05-09T09:12:28.975708Z,
16573,RBN Enterprises,+917989692726,hemamurthy0508@gmail.com,RBN Enterprises,completed,Answered,"Analyzer error: unterminated string literal (detected at line 226) (call_analyzer.py, line 226)",2026-05-09T09:11:31.070092Z,
16574,OM INFOTECH,+919587194871,info@ominfotechindia.com,OM INFOTECH,completed,Answered,"Analyzer error: unterminated string literal (detected at line 226) (call_analyzer.py, line 226)",2026-05-09T09:10:37.272938Z,
16575,Netsoft Systems & Networks,+919845130939,sales@netsoftindia.co.in,Netsoft Systems & Networks,completed,Answered,"Analyzer error: unterminated string literal (detected at line 226) (call_analyzer.py, line 226)",2026-05-09T09:02:23.674845Z,
16576,Microtouch Infotech Pvt Ltd,+919448066586,info@microtouch.co.in,Microtouch Infotech Pvt Ltd,completed,Answered,"Analyzer error: unterminated string literal (detected at line 226) (call_analyzer.py, line 226)",2026-05-09T09:01:13.750415Z,
16577,Kothari Electro World,+917892898221,kotharielectroworld@yahoo.com,Kothari Electro World,completed,Answered,"Analyzer error: unterminated string literal (detected at line 226) (call_analyzer.py, line 226)",2026-05-09T08:59:33.334258Z,
16578,System Needs,+919845543444,support@systemneeds.in,System Needs,completed,Answered,"Analyzer error: unterminated string literal (detected at line 226) (call_analyzer.py, line 226)",2026-05-09T08:59:01.582263Z,
16579,K. S. Reddy's Enterprises,+919986015112,www.mishop.in@gmail.com,K. S. Reddy's Enterprises,completed,Answered,"Analyzer error: unterminated string literal (detected at line 226) (call_analyzer.py, line 226)",2026-05-09T08:57:05.581177Z,
16580,GADGETOLOGY NETWORK PRIVATE LIMITED,+917899402171,support@gadgetology.in,GADGETOLOGY NETWORK PRIVATE LIMITED,completed,Answered,"Analyzer error: unterminated string literal (detected at line 226) (call_analyzer.py, line 226)",2026-05-09T08:54:37.585296Z,
16581,Orchids Network & Systems (I) Private Limited,+919880799977,sales@onsipl.com,Orchids Network & Systems (I) Private Limited,completed,Answered,"Analyzer error: unterminated string literal (detected at line 226) (call_analyzer.py, line 226)",2026-05-09T08:48:53.981614Z,
16582,Prodigy Computers and Laptops Pvt Lt,+919985356363,prodigyhyderabad@gmail.com,Prodigy Computers and Laptops Pvt Lt,completed,Answered,"Analyzer error: unterminated string literal (detected at line 226) (call_analyzer.py, line 226)",2026-05-09T08:46:11.574059Z,
16583,Sanbay Networking (P) Ltd,+919885147594,prem@sanbay.net,Sanbay Networking (P) Ltd,completed,Answered,"Analyzer error: unterminated string literal (detected at line 226) (call_analyzer.py, line 226)",2026-05-09T08:44:43.401046Z,
16584,Amoolya Systems Technologies,+919980199974,murali@amoolyasystems.com,Amoolya Systems Technologies,completed,Answered,"Analyzer error: unterminated string literal (detected at line 226) (call_analyzer.py, line 226)",2026-05-09T08:43:04.961273Z,
16585,LITEON POWER SOLUTIONS,+919513444408,liteonpowersolutions@gmail.com,LITEON POWER SOLUTIONS,completed,Answered,"Analyzer error: unterminated string literal (detected at line 226) (call_analyzer.py, line 226)",2026-05-09T08:42:13.080392Z,
16586,Smart Branding Solutions,+919381784215,info@smartbranding.top,Smart Branding Solutions,completed,Answered,"Analyzer error: unterminated string literal (detected at line 226) (call_analyzer.py, line 226)",2026-05-09T08:41:43.390404Z,
16587,Shweta Computers Inc,+919347790649,info@shwetacomputers.com,Shweta Computers Inc,completed,Answered,"Analyzer error: unterminated string literal (detected at line 226) (call_analyzer.py, line 226)",2026-05-09T08:40:09.192507Z,
16588,Direct HP,+919167986287,hplulu.bng@it-world.in,Direct HP,completed,Answered,"Analyzer error: unterminated string literal (detected at line 226) (call_analyzer.py, line 226)",2026-05-09T08:39:02.743011Z,
16589,Globrands Lifestyle Pvt Ltd,+919900026647,enquiry@globrandslifestyle.com,Globrands Lifestyle Pvt Ltd,completed,Answered,"Analyzer error: unterminated string literal (detected at line 226) (call_analyzer.py, line 226)",2026-05-09T08:36:40.328126Z,
16590,CustomWish Corporate Gifts,+919886888572,contact@thecustomwish.com,CustomWish Corporate Gifts,completed,Answered,"Analyzer error: unterminated string literal (detected at line 226) (call_analyzer.py, line 226)",2026-05-09T08:35:14.139062Z,
16591,B M Traders,+919886081173,Bmtraders05@gmail.com,B M Traders,completed,Answered,"Analyzer error: unterminated string literal (detected at line 226) (call_analyzer.py, line 226)",2026-05-09T08:32:55.681006Z,
16592,LAPTOP STORE INDIA,+919500156666,asusstoremarathahalli@laptopstoreindia.com,LAPTOP STORE INDIA,completed,Answered,"Analyzer error: unterminated string literal (detected at line 226) (call_analyzer.py, line 226)",2026-05-09T08:31:08.946982Z,
16593,MetaCore Technologies,+916363677246,arjun@metacoretechnologies.in,MetaCore Technologies,completed,Answered,"Analyzer error: unterminated string literal (detected at line 226) (call_analyzer.py, line 226)",2026-05-09T08:30:00.432201Z,
16594,Lenovo India Pvt Ltd,+919739923854,arao4@lenovo.com,Lenovo India Pvt Ltd,completed,Answered,"Analyzer error: unterminated string literal (detected at line 226) (call_analyzer.py, line 226)",2026-05-09T08:29:45.142267Z,
16595,Orchids Network & Systems (I) Private Limited,+919880799977,sales@onsipl.com,Orchids Network & Systems (I) Private Limited,completed,Answered,"Analyzer error: unterminated string literal (detected at line 226) (call_analyzer.py, line 226)",2026-05-09T08:22:10.657620Z,
16596,Vasanth & Co,+919333593335,onlinesupport@vasanthandco.com,Vasanth & Co,completed,Answered,"Analyzer error: unterminated string literal (detected at line 226) (call_analyzer.py, line 226)",2026-05-09T08:17:03.499041Z,
16597,Amoolya Systems Technologies,+919980199974,murali@amoolyasystems.com,Amoolya Systems Technologies,completed,Answered,"Analyzer error: unterminated string literal (detected at line 226) (call_analyzer.py, line 226)",2026-05-09T08:15:21.603662Z,
16598,GBS Infoo Systems,+919941054646,info@gbssystems.com,GBS Infoo Systems,completed,Answered,"Analyzer error: unterminated string literal (detected at line 226) (call_analyzer.py, line 226)",2026-05-09T08:09:06.841190Z,
16599,Direct HP,+919167986287,hplulu.bng@it-world.in,Direct HP,completed,Answered,"Analyzer error: unterminated string literal (detected at line 226) (call_analyzer.py, line 226)",2026-05-09T08:06:09.944578Z,
16600,Green Roots,+919962214100,gifts@thegreenroots.in,Green Roots,completed,Answered,"Analyzer error: unterminated string literal (detected at line 226) (call_analyzer.py, line 226)",2026-05-09T08:02:19.574281Z,
16601,EVEREST & CO,+919840314901,everestgift@gmail.com,EVEREST & CO,completed,Answered,"Analyzer error: unterminated string literal (detected at line 226) (call_analyzer.py, line 226)",2026-05-09T08:01:17.676831Z,
16602,Supreme Computer India Pvt Ltd,+919500017188,esupport@supremeindia.com,Supreme Computer India Pvt Ltd,completed,Answered,"Analyzer error: unterminated string literal (detected at line 226) (call_analyzer.py, line 226)",2026-05-09T08:00:04.835821Z,
16603,Globrands Lifestyle Pvt Ltd,+919900026647,enquiry@globrandslifestyle.com,Globrands Lifestyle Pvt Ltd,completed,Answered,"Analyzer error: unterminated string literal (detected at line 226) (call_analyzer.py, line 226)",2026-05-09T07:58:50.668021Z,
16604,Stylerz Gifts Inc,+919500117865,designerstylerz@gmail.com,Stylerz Gifts Inc,completed,Answered,"Analyzer error: unterminated string literal (detected at line 226) (call_analyzer.py, line 226)",2026-05-09T07:57:56.854297Z,
16605,Sri Vinayaga Bag Industries,+919840278198,d.vinayagam@yahoo.co.in,Sri Vinayaga Bag Industries,completed,Answered,"Analyzer error: unterminated string literal (detected at line 226) (call_analyzer.py, line 226)",2026-05-09T07:57:37.536755Z,
16606,CustomWish Corporate Gifts,+919886888572,contact@thecustomwish.com,CustomWish Corporate Gifts,completed,Answered,"Analyzer error: unterminated string literal (detected at line 226) (call_analyzer.py, line 226)",2026-05-09T07:56:11.908221Z,
16607,Edream,+919663377073,contact@edream.co.in,Edream,completed,Answered,"Analyzer error: unterminated string literal (detected at line 226) (call_analyzer.py, line 226)",2026-05-09T07:55:25.702600Z,
16608,B M Traders,+919886081173,Bmtraders05@gmail.com,B M Traders,completed,Answered,"Analyzer error: unterminated string literal (detected at line 226) (call_analyzer.py, line 226)",2026-05-09T07:53:55.158382Z,
16609,LAPTOP STORE INDIA,+919500156666,asusstoremarathahalli@laptopstoreindia.com,LAPTOP STORE INDIA,completed,Answered,"Analyzer error: unterminated string literal (detected at line 226) (call_analyzer.py, line 226)",2026-05-09T07:53:31.653125Z,
16610,Lenovo India Pvt Ltd,+919739923854,arao4@lenovo.com,Lenovo India Pvt Ltd,completed,Answered,"Analyzer error: unterminated string literal (detected at line 226) (call_analyzer.py, line 226)",2026-05-09T07:49:18.594170Z,
16611,ABM ASSOCIATES,+917353698596,abm017associates@gmail.com,ABM ASSOCIATES,completed,Answered,"Analyzer error: unterminated string literal (detected at line 226) (call_analyzer.py, line 226)",2026-05-09T07:46:08.178190Z,
16612,Vinayak Aircon,+919988210297,care.kps@gmail.com,Vinayak Aircon,completed,Answered,"Analyzer error: unterminated string literal (detected at line 226) (call_analyzer.py, line 226)",2026-05-09T07:45:38.603227Z,
16613,Technogreen Airconditioning Pvt Ltd,+919538867796,salestg@technogreenindia.in,Technogreen Airconditioning Pvt Ltd,completed,Answered,"Analyzer error: unterminated string literal (detected at line 226) (call_analyzer.py, line 226)",2026-05-09T07:44:01.879916Z,
16614,CNC Associates,+919902070764,cncassociates@gmail.com,CNC Associates,completed,Answered,"Analyzer error: unterminated string literal (detected at line 226) (call_analyzer.py, line 226)",2026-05-09T07:43:24.266056Z,
16615,SECUNDERABAD REFRIGERATION & ELECTRICALS,+919866470590,refrigeration@gmail.com,SECUNDERABAD REFRIGERATION & ELECTRICALS,completed,Answered,"Analyzer error: unterminated string literal (detected at line 226) (call_analyzer.py, line 226)",2026-05-09T07:41:18.629664Z,
16616,Ind Air Con Engineers Pvt. Ltd.,+919880011011,dinesh@indaircon.com,Ind Air Con Engineers Pvt. Ltd.,completed,Answered,"Analyzer error: unterminated string literal (detected at line 226) (call_analyzer.py, line 226)",2026-05-09T07:40:59.254190Z,
16617,Terra Cool Solutions,+919880417067,sales@terracoolsolutions.in,Terra Cool Solutions,completed,Answered,"Analyzer error: unterminated string literal (detected at line 226) (call_analyzer.py, line 226)",2026-05-09T07:39:21.559866Z,
16618,Peak Systems Refrigeration Pvt Ltd,+919995488111,customer.support@peaksystems.in,Peak Systems Refrigeration Pvt Ltd,completed,Answered,"Analyzer error: unterminated string literal (detected at line 226) (call_analyzer.py, line 226)",2026-05-09T07:37:53.463658Z,
16619,STRATPRO HVACR AND BUILDING SOLUTIONS PVT LIMITED,+919663961123,srihari@stratprosolutions.com,STRATPRO HVACR AND BUILDING SOLUTIONS PVT LIMITED,completed,Answered,"Analyzer error: unterminated string literal (detected at line 226) (call_analyzer.py, line 226)",2026-05-09T07:34:48.891534Z,
16620,APEX HVAC ENGINEERS,+919141882774,service@apexhvacengineers.com,APEX HVAC ENGINEERS,completed,Answered,"Analyzer error: unterminated string literal (detected at line 226) (call_analyzer.py, line 226)",2026-05-09T07:33:22.875939Z,
16621,Ind Air Con Engineers Pvt Ltd,+919880011011,sathya@indaircon.com,Ind Air Con Engineers Pvt Ltd,completed,Answered,"Analyzer error: unterminated string literal (detected at line 226) (call_analyzer.py, line 226)",2026-05-09T07:32:10.925450Z,
16622,Panasonic Brand Store Rds & Co,+918291095721,modernworld.ap@gmail.com,Panasonic Brand Store Rds & Co,completed,Answered,"Analyzer error: unterminated string literal (detected at line 226) (call_analyzer.py, line 226)",2026-05-09T07:26:19.665029Z,
16623,Lakpad Comfort Aircon Systems,+919566520909,harish@lakpadcomfort.com,Lakpad Comfort Aircon Systems,completed,Answered,"Analyzer error: unterminated string literal (detected at line 226) (call_analyzer.py, line 226)",2026-05-09T07:19:38.138353Z,
16624,CUBE HVAC TECH,+916364049966,cubehvactech@gmail.com,CUBE HVAC TECH,completed,Answered,"Analyzer error: unterminated string literal (detected at line 226) (call_analyzer.py, line 226)",2026-05-09T07:13:13.612519Z,
16625,Werner Finley Pvt Ltd.,+919379758370,ayyarsigamani.m@wernerfinley.com,Werner Finley Pvt Ltd.,completed,Answered,"Analyzer error: unterminated string literal (detected at line 226) (call_analyzer.py, line 226)",2026-05-09T07:11:21.598860Z,
16626,Airtech Engg,+919880494279,airtechengg@gmail.com,Airtech Engg,completed,Answered,"Analyzer error: unterminated string literal (detected at line 226) (call_analyzer.py, line 226)",2026-05-09T07:10:11.415007Z,
16627,Premier Lighting Industries,+919845180661,premier_light@yahoo.com,Premier Lighting Industries,completed,Answered,"Analyzer error: unterminated string literal (detected at line 226) (call_analyzer.py, line 226)",2026-05-09T07:07:46.988211Z,
16628,MGR Technologies,+919880460951,mgrtechnologies1978@gmail.com,MGR Technologies,completed,Answered,"Analyzer error: unterminated string literal (detected at line 226) (call_analyzer.py, line 226)",2026-05-09T07:02:59.146528Z,
16629,Maruthi Electricals,+919686226372,maruthi.electricals26@gmail.com,Maruthi Electricals,completed,Answered,"Analyzer error: unterminated string literal (detected at line 226) (call_analyzer.py, line 226)",2026-05-09T07:01:41.220124Z,
16630,Lalith Lamp & Shades,+919980667730,lalithlamp@gmail.com,Lalith Lamp & Shades,completed,Answered,"Analyzer error: unterminated string literal (detected at line 226) (call_analyzer.py, line 226)",2026-05-09T06:59:15.591778Z,
16631,Vaishnavi Enterprises,+919342541594,info@vaishnavipowers.com,Vaishnavi Enterprises,completed,Answered,"Analyzer error: unterminated string literal (detected at line 226) (call_analyzer.py, line 226)",2026-05-09T06:57:23.234918Z,
16632,S V Marketing India Pvt Ltd,+919945577776,info@svmarketingindia.com,S V Marketing India Pvt Ltd,completed,Answered,"Analyzer error: unterminated string literal (detected at line 226) (call_analyzer.py, line 226)",2026-05-09T06:56:05.415379Z,
16633,Noel Technologies,+919845681435,info@noeltechnologies.com,Noel Technologies,completed,Answered,"Analyzer error: unterminated string literal (detected at line 226) (call_analyzer.py, line 226)",2026-05-09T06:55:35.789313Z,
16634,Canara Decor,+919845173865,canarafurnitures@gmail.com,Canara Decor,completed,Answered,"Analyzer error: unterminated string literal (detected at line 226) (call_analyzer.py, line 226)",2026-05-09T06:39:05.838979Z,
16635,Ohmstronics Lighting Solutions,+919600008824,SALES@OHMSTRONICSLIGHTING.COM,Ohmstronics Lighting Solutions,completed,Answered,"Analyzer error: unterminated string literal (detected at line 226) (call_analyzer.py, line 226)",2026-05-09T06:27:20.191714Z,
16636,S R Electronics,+919810838833,rajeshsinghal@yahoo.com,S R Electronics,completed,Answered,"Analyzer error: unterminated string literal (detected at line 226) (call_analyzer.py, line 226)",2026-05-09T06:26:03.500964Z,
16637,Mokshitha Enterprises,+919677200055,MOKSHIIMPEXCO@GMAIL.COM,Mokshitha Enterprises,completed,Answered,The assistant introduced themselves and asked if the user had a minute. The user made no explicit statements of interest or disinterest in the provided transcript.,2026-05-08T13:05:18.756178Z,
16638,Rajsuri's Studio-L,+919840035598,lightingwonders@gmail.com,Rajsuri's Studio-L,completed,Answered,The call was very brief and ended before the user could explicitly state interest or disinterest. The user began to ask about the topic of the call.,2026-05-08T13:03:30.353862Z,
16639,Shri Kanakka Durga Electrical Industries,+919444194250,jaisoled@gmail.com,Shri Kanakka Durga Electrical Industries,completed,Answered,The call ended before the user could respond to the assistant's opening. No explicit interest or disinterest was expressed by the user.,2026-05-08T12:58:28.030330Z,
16640,Serwell Medi Equip (P) Ltd,+919840023595,info@serwellmedi.com,Serwell Medi Equip (P) Ltd,completed,Answered,"The assistant introduced themselves and asked for a minute, but the user did not respond or engage. Nothing explicit was said by the user.",2026-05-08T12:57:03.930332Z,
16641,Air System,+919884048888,info@asplparts.com,Air System,completed,Answered,The call began with the assistant's introduction and a request for the user's time. The user did not provide an explicit response regarding interest or disinterest.,2026-05-08T12:53:00.835632Z,
16642,TARA TRADERS,+919841153019,balachandar53019@gmail.com,TARA TRADERS,completed,Answered,"The call was answered by an automated system stating the number was not available. No human user was reached, and the user did not explicitly commit or decline the offer.",2026-05-08T12:48:04.433258Z,
16643,J P Electronic Devices (India) (P) Ltd,+917949104600,sales@jpedindia.com,J P Electronic Devices (India) (P) Ltd,completed,Answered,"The call was answered by an automated IVR system that continuously presented menu options, preventing the sales assistant from connecting with a human or delivering the sales pitch. The user (IVR) did not explicitly express interest or disinterest.",2026-05-08T12:45:32.789389Z,
16644,Mahaveer Electricals,+918792601704,info@mahaveerelectricals.com,Mahaveer Electricals,completed,Answered,"The assistant introduced themselves and asked for a minute, but the user did not respond and provided no explicit statement of interest or disinterest.",2026-05-08T12:36:26.637564Z,
16645,Navin Electricals & Plumbing Wholesale,+919448393061,laxmansingh15500@gmail.com,Navin Electricals & Plumbing Wholesale,completed,Answered,"The Assistant introduced themselves and asked if the user had a minute, but the user did not speak or respond, leaving the call outcome ambiguous.",2026-05-08T12:33:33.939140Z,
16646,Ferrari Eastern Fans India Pvt Ltd,+919845071018,fefiblr@fefi.in,Ferrari Eastern Fans India Pvt Ltd,completed,Answered,"The call began with the Assistant's introduction and an inquiry about availability, but the user did not respond, so no explicit interest or disinterest was expressed.",2026-05-08T12:32:13.890557Z,
16647,United Cooling Towers,+919320270004,unitedcoolingtowers9320270004@gmail.com,United Cooling Towers,completed,Answered,"The user was confused about the purpose of the call, repeatedly asking for clarification. The Assistant did not provide a clear explanation before the call ended, so no interest or disinterest was expressed by the user.",2026-05-08T12:28:37.078527Z,
16648,United Industries,+919448271145,umashankar@unitedindustriesindia.com,United Industries,completed,Answered,"The call initiated with the Assistant's introduction, but no response from the user was recorded, so no explicit interest or disinterest was expressed.",2026-05-08T12:27:10.332324Z,
16649,GI DUCT FEBRICATION,+919535105217,syedsaif332@gmail.com,GI DUCT FEBRICATION,completed,Answered,"The assistant introduced themselves and asked for a minute, but the user did not respond to their opening question, so no interest was expressed.",2026-05-08T12:23:32.669685Z,
16650,Sri Venkateshwara Air Systems,+919980233521,svairsystem@gmail.com,Sri Venkateshwara Air Systems,completed,Answered,"The Assistant initiated the call, but no user response was recorded in this snippet, so the disposition is 'Answered' as nothing explicit was said by the user.",2026-05-08T12:22:46.975253Z,
16651,Panasonic Life Solutions India Pvt. Ltd,+918657944515,solar@in.panasonic.com,Panasonic Life Solutions India Pvt. Ltd,completed,Answered,"The assistant introduced themselves, but the transcript provides no user response, so no explicit interest or disinterest was expressed.",2026-05-08T12:21:47.221496Z,
16652,SMS Engineering,+919573311303,smsengg2016@gmail.com,SMS Engineering,completed,Answered,"The assistant introduced themselves and asked if the user had a minute. The user has not yet responded, so nothing explicit was said regarding interest.",2026-05-08T12:20:02.190749Z,
16653,AMAR RADIO CORPORATION,+917975477851,sales84@amarradio.com,AMAR RADIO CORPORATION,completed,Answered,"The call ended after the assistant's introduction, before the user could respond or express any interest. No explicit statement of interest or disinterest was made by the user.",2026-05-08T12:11:34.245034Z,
16654,Vends Tech India Pvt. Ltd.,+919858585599,sales@vendsindia.com,Vends Tech India Pvt. Ltd.,completed,Answered,"The call started with the Assistant's introduction and a request for a minute of the user's time, but the transcript ends before any user response. Nothing explicit was said by the user.",2026-05-08T12:10:38.490660Z,
16655,Suman Electric Udyog Pvt Ltd.,+919590376643,sales@sumanblr.com,Suman Electric Udyog Pvt Ltd.,completed,Answered,"The assistant initiated the call, introduced herself, and asked if the user had a minute. The transcript ends before the user responded, so no explicit interest or disinterest was expressed.",2026-05-08T12:09:24.615977Z,
16656,Raj Electricals,+918484848418,sales@rajelectricals.co.in,Raj Electricals,completed,Answered,"The call began with the Assistant's introduction and a question, but the user has not yet spoken, so no explicit interest or disinterest was expressed.",2026-05-08T12:08:12.508510Z,
16657,AMMAN ENTERPRISES,+918148677441,sales@ammanindia.com,AMMAN ENTERPRISES,completed,Answered,"The assistant initiated the call and asked for a minute of time, but the user did not respond, so no interest or disinterest was expressed.",2026-05-08T11:09:25.210703Z,
16658,Ajanta Electricals,+919873656341,sales@ajantaelectrical.com,Ajanta Electricals,completed,Answered,"The user was confused by the assistant's introduction, asking 'when you did what?'. The call ended without the user explicitly committing or declining the offer, leading to an 'Answered' disposition.",2026-05-08T11:08:29.434528Z,
16659,UNIMAC CONTROL SYSTEMS,+919825012198,info@unimacvalves.co.in,UNIMAC CONTROL SYSTEMS,completed,Answered,The assistant attempted to share an offer and provided a contact number for follow-up. The user did not explicitly commit or decline the offer; they were focused on getting the contact information from the assistant.,2026-05-08T10:59:20.543242Z,
16660,STAR SCIENTIFIC GLASS CO,+919825034494,info@starscientificindia.com,STAR SCIENTIFIC GLASS CO,completed,Answered,"The call was extremely brief, with the assistant introducing themselves and asking for time. The user did not provide any response or explicit indication of interest or disinterest.",2026-05-08T10:56:25.684510Z,
16661,Sigma Scientific Glass Pvt. Ltd.,+919879619121,info@sigmaglassindia.com,Sigma Scientific Glass Pvt. Ltd.,completed,Answered,"The Assistant introduced herself and asked if the callee had a minute. The User did not respond, so their interest could not be determined.",2026-05-08T10:52:40.937107Z,
16227,Modern Plastics Company,+917926441144,info@pvcpipe.in,Modern Plastics Company,completed,Interested,"The user provided an email address for more information, indicating interest in the offer. They explicitly stated, ""Send me email by info@thepvcpipe.in.""",2026-05-08T10:50:27.515121Z,
16913,Payal Irrigation Pvt Ltd,+919687328822,info@payalirrigation.com,Payal Irrigation Pvt Ltd,completed,Call Later,"The user explicitly asked the assistant to call tomorrow (""कल जगवा""), indicating they were unable to speak at the moment.",2026-05-08T10:45:59.806247Z,
16662,Meena cast Pvt Ltd,+919824234488,info@meenacast.com,Meena cast Pvt Ltd,completed,Answered,"The call connected to an automated voicemail system. No human contact was made, and therefore the user did not express any explicit interest or disinterest.",2026-05-08T10:40:47.390681Z,
16663,Madhavendra Enterprise,+919925517928,info@madhaventerprise.in,Madhavendra Enterprise,completed,Answered,"The assistant initiated the call and introduced themselves. No user response was recorded, so no explicit interest or disinterest was expressed by the user.",2026-05-08T10:29:04.268315Z,
16664,Hitech Instrumentation,+919920384497,info@hitechints.com,Hitech Instrumentation,completed,Answered,"The call began with the Assistant's introduction and a question, but the user did not respond. No explicit interest or disinterest was expressed, as there was no user input.",2026-05-08T10:24:02.547089Z,
16665,FLOWBIZ EXPORTS PVT.LTD.,+919016868686,info@flowbizexports.com,FLOWBIZ EXPORTS PVT.LTD.,completed,Answered,"The call was brief and confusing, with the user's responses being unclear and not engaging with the Assistant's greeting. The user never explicitly stated interest or disinterest.",2026-05-08T10:21:45.503777Z,
16666,ATAUFF HYDRAULIC STORE,+919737259888,info@atauffhydraulic.com,ATAUFF HYDRAULIC STORE,completed,Answered,"The call was very short. The assistant introduced themselves, and the user only responded with ""Hello."" The user did not explicitly state interest or disinterest.",2026-05-08T10:18:34.470139Z,
16667,Anjalee Industries,+919898255451,info@anjaleevalves.com,Anjalee Industries,completed,Answered,"The Assistant initiated the call and made an opening statement, but there was no response or stated interest/disinterest from the user. Nothing explicit was said by the user.",2026-05-08T10:13:18.902268Z,
16668,Process Equipment Corporation,+919427068316,info@anchorvalves.com,Process Equipment Corporation,completed,Answered,"The call was very brief, with the user only providing a greeting. No explicit interest or disinterest was expressed, and the conversation ended almost immediately.",2026-05-08T10:11:40.341810Z,
16669,Airmax Gujarat Private Limited,+919723371577,info@airmaxgujarat.com,Airmax Gujarat Private Limited,completed,Answered,"The call only contains the Assistant's opening. The user did not respond, so no explicit interest or disinterest was expressed.",2026-05-08T10:08:07.379607Z,
16670,HydroFit Hydraulic,+919327046296,hydrofitmarketing@gmail.com,HydroFit Hydraulic,completed,Answered,"The assistant introduced herself and asked for a minute, but the call ended without the user responding or expressing any interest/disinterest. The user never clearly committed or declined the offer.",2026-05-08T10:05:12.454899Z,
16671,ROTEX AUTOMATION LIMITED,+918792739273,enq@rotexautomation.com,ROTEX AUTOMATION LIMITED,completed,Answered,"The assistant initiated the call and asked for a minute, but the user did not speak in the provided transcript, so no explicit interest or disinterest was conveyed.",2026-05-08T09:28:32.890653Z,
16672,AIR POWER SERVICE,+919924913133,airpowerservice@gmail.com,AIR POWER SERVICE,completed,Answered,"The Assistant introduced themselves and asked if the user had a minute, but the user did not respond in the provided transcript.",2026-05-08T09:20:21.125739Z,
16673,Air Blow Systems,+919825441011,airblowsystems@gmail.com,Air Blow Systems,completed,Answered,"The call was answered, but the user did not engage with the Assistant's introduction, appearing to be speaking to someone else internally. No explicit statement of interest or disinterest was made.",2026-05-08T09:18:44.700902Z,
16674,Trizon Electricals,+918320374642,trizonelectricals@gmail.com,Trizon Electricals,completed,Answered,"The assistant reached the callee's voicemail. No direct interaction with the intended contact occurred, and no explicit interest or disinterest was expressed.",2026-05-08T09:14:10.276829Z,
16675,Micro Energy System,+919512112191,Sales.microenergysystem@gmail.com,Micro Energy System,completed,Answered,"The assistant introduced herself and asked for a minute of the user's time, but the user provided no response in the transcript; 'Answered' is used because nothing explicit was said.",2026-05-08T09:12:45.991101Z,
16676,Light Inside Pvt. Ltd.,+919825431492,sales@lightinside.in,Light Inside Pvt. Ltd.,completed,Answered,"The call connected to a voicemail system, and the user was not available to speak. No explicit interest or disinterest was conveyed by the user.",2026-05-08T09:07:09.510840Z,
16677,JABLA LIGHTINGS,+919016318422,nilay@cleanroomproduct.com,JABLA LIGHTINGS,completed,Answered,"The call was very fragmented and unclear, with the user's responses being mostly unidentifiable or out of context. The user did not explicitly state interest or disinterest in any offer.",2026-05-08T08:55:50.150031Z,
16678,Dhanashree Electronics Ltd,+919007825555,info@rashmilighting.com,Dhanashree Electronics Ltd,completed,Answered,"The call ended after the assistant's opening line, with no response from the user. No explicit interest or disinterest was expressed.",2026-05-08T08:33:29.115215Z,
16679,GMDT MARINE &INDUSTRIAL ENGINEERING PVT. LTD,+919427187035,info@gmdtengineering.com,GMDT MARINE &INDUSTRIAL ENGINEERING PVT. LTD,completed,Answered,"The call started with an introduction from the Assistant, but the user did not respond to indicate interest or disinterest.",2026-05-08T08:25:08.403717Z,
16680,Accu- Tech Engineering,+919998700941,info@accutechflpfan.com,Accu- Tech Engineering,completed,Answered,The assistant reached a voicemail system for the user. Nothing explicit was said by a human to indicate interest or disinterest.,2026-05-08T08:19:30.365818Z,
16681,LIGHT ON Lighting Fixture,+919825051404,Crown_hetal@yahoo.com,LIGHT ON Lighting Fixture,completed,Answered,"The assistant introduced themselves and asked for a minute, but the user did not respond, so no explicit interest or disinterest was expressed.",2026-05-08T08:11:21.927429Z,
16682,KWW ELECTRICALS & ELECTRONICS PRIVA,+919836786363,care@kwwelectricals.com,KWW ELECTRICALS & ELECTRONICS PRIVA,completed,Answered,"The call was answered by an automated system that stated all service officers were busy and asked the Assistant to hold the line. No human user was reached, so no pitch was delivered and nothing explicit was said regarding interest.",2026-05-08T08:04:03.321614Z,
16683,AJWIN Alight for Bright Tomorrow,+919727419391,ajwin1978@gmail.com,AJWIN Alight for Bright Tomorrow,completed,Answered,"The call was very brief and ended abruptly after the user acknowledged the assistant's greeting. No pitch was delivered, and no interest or disinterest in an offer was expressed by the user.",2026-05-08T08:02:22.930615Z,
16914,SKF India,+919638411222,Jayant.Parihar@skf.com,SKF India,completed,Busy,"The user was busy and unable to proceed with the call at that moment, stating ""I am not available in front of my system as of now. Give me some time."" They also requested more context about a previous communication.",2026-05-08T07:58:02.079546Z,
16684,Jenil International (SKF Bearings Stockist & Distributor),+919757038405,info@jenilinternational.com,Jenil International (SKF Bearings Stockist & Distributor),completed,Answered,"The assistant initiated the call with an introduction and a request for a minute of the user's time. The transcript ends before any user response, so the outcome is unknown.",2026-05-08T07:56:42.163821Z,
16685,Avcon Systems,+919833147460,sales@avconforklift.com,Avcon Systems,completed,Answered,The assistant introduced herself and asked if the user had a minute. The user made no explicit statement of interest or disinterest.,2026-05-08T07:41:05.707007Z,
16686,Gemini Equipment and Rentals (P) Ltd,+919029251253,info@gear-india.com,Gemini Equipment and Rentals (P) Ltd,completed,Answered,"The call started with the assistant's introduction, but the transcript ends before the user responds, making it too short to determine any interest.",2026-05-08T07:31:35.007725Z,
16687,Shree Ram Air-Tech,+919730072214,ductcooler@gmail.com,Shree Ram Air-Tech,completed,Answered,"The assistant introduced herself and asked if the user had a minute, but the user did not provide an explicit statement of interest or disinterest, nor did they respond.",2026-05-08T07:31:01.371052Z,
16688,Vends Tech India Pvt. Ltd.,+919858585599,sales@vendsindia.com,Vends Tech India Pvt. Ltd.,completed,Answered,"The call was extremely brief, with only the assistant speaking and no response or engagement from the user. No explicit interest or disinterest was expressed by the user.",2026-05-08T07:27:57.349514Z,
16689,National Aircon,+919833395951,nationalaircon.sale@gmail.com,National Aircon,completed,Answered,"The call consisted only of the assistant's opening. The user did not respond, and nothing explicit was said regarding interest or disinterest.",2026-05-08T07:27:09.013062Z,
16690,Vends Tech India Pvt. Ltd.,+919858585599,sales@vendsindia.com,Vends Tech India Pvt. Ltd.,completed,Answered,"The Assistant initiated the call and asked if the user had a minute, but there was no response or explicit statement from the user in the provided transcript.",2026-05-08T07:14:38.735484Z,
16691,Jain Engineering Works,+919823068503,contact@jaindanpeti-aircoolers.com,Jain Engineering Works,completed,Answered,"The assistant introduced themselves and asked if the user had a minute, but the user did not respond, and no interest was explicitly stated.",2026-05-08T07:03:43.841152Z,
16692,Sujata Enterprises,+918097182413,sujataenterprise345@gmail.com,Sujata Enterprises,completed,Answered,"The call began with the Assistant's introduction, but the transcript ends without any response or statement from the User, so their disposition is unknown.",2026-05-08T06:55:37.365270Z,
16693,Cold Square,+919920041468,info@coldsquarerefrigeration.com,Cold Square,completed,Answered,"The assistant initiated the call and introduced themselves, asking if the user had a minute. The user's response is not recorded in this transcript, so no explicit interest or disinterest was expressed.",2026-05-08T06:47:18.232018Z,
16694,Panasonic Exclusive Store Sahakar Electronics,+918291342998,sahakarelectronics@gmail.com,Panasonic Exclusive Store Sahakar Electronics,completed,Answered,"The call was very brief; the user's only statement was a standard disclosure about call recording, and they did not explicitly state interest or disinterest in the offer.",2026-05-08T06:40:08.148177Z,
16695,TEMPO INSTRUMENTS PVT LTD,+919820464003,enquiry@tempo.net.in,TEMPO INSTRUMENTS PVT LTD,completed,Answered,"The assistant introduced themselves and asked for a minute, but the user did not respond or acknowledge the call. Nothing explicit was said by the user.",2026-05-08T06:29:07.266898Z,
16696,FUTURE RAY TECHNO SOLUTIONS,+917259676627,info@frtnsolutions.in,FUTURE RAY TECHNO SOLUTIONS,completed,Answered,"The call began with the assistant introducing herself and asking if the prospect had a minute, but the transcript ends before any interaction or outcome.",2026-05-07T11:28:55.276630Z,
16697,Excel Network Solutions,+919510834781,excelnetwork@gmail.com,Excel Network Solutions,completed,Answered,"The call began with the sales assistant introducing herself and her company, then asking if the prospect had a minute to talk. No further interaction is provided in the transcript.",2026-05-07T11:26:39.928314Z,
16698,Lattice Networks,+919880012148,helpdesklatticeenteworks@gmail.com,Lattice Networks,completed,Answered,The call has just begun with the sales agent introducing herself and asking for a minute of the prospect's time. No interaction from the prospect has occurred yet.,2026-05-07T11:18:22.756864Z,
16699,System Needs,+919845543444,support@systemneeds.in,System Needs,completed,Answered,"The sales agent introduced themselves and asked if the recipient had a minute, but the transcript ends without any response from the prospect or further conversation.",2026-05-07T11:17:09.549185Z,
16700,Top Gun Network Technologies Pvt Ltd,+919845071018,info@topguntechnologies.com,Top Gun Network Technologies Pvt Ltd,completed,Answered,"The call was extremely brief and incomplete. The agent introduced herself and the company, and the user confirmed they had a minute, but the conversation ended abruptly before any substantial information could be exchanged.",2026-05-07T11:13:30.810653Z,
16701,Domain Networks Pvt Ltd,+919886090907,venkat@domainnetworks.in,Domain Networks Pvt Ltd,completed,Answered,"The call started with an introduction from Radhika of Procucev, Bangalore, asking if the recipient had a quick minute. The transcript ends before any further interaction.",2026-05-07T11:10:01.690272Z,
16702,GADGETOLOGY NETWORK PRIVATE LIMITED,+917899402171,support@gadgetology.in,GADGETOLOGY NETWORK PRIVATE LIMITED,completed,Answered,The call initiated with the agent introducing themselves and asking for the prospect's availability. No further interaction or progress was made in this snippet.,2026-05-07T11:08:14.436933Z,
16703,Dynamic It Services,+919810735243,sunilyadav@dynamicitservices.in,Dynamic It Services,completed,Answered,The call was extremely brief and ended abruptly before any meaningful conversation or lead qualification could occur. The assistant introduced herself but did not get a chance to present the offer.,2026-05-07T11:05:05.757522Z,
16704,AMAR RADIO CORPORATION,+917975477851,sales84@amarradio.com,AMAR RADIO CORPORATION,completed,Answered,The call begins with the sales assistant introducing themselves and asking if the prospect has a minute. No actual sales conversation or outcome has occurred yet.,2026-05-07T11:01:28.923801Z,
16705,TenX Services Private Limited,+919916949898,sales@tenxworld.com,TenX Services Private Limited,completed,Answered,The call has just begun with the sales assistant introducing herself and asking if the prospect has a minute.,2026-05-07T11:00:21.636113Z,
16706,Sathyas Networks,+919620660099,sales@sathyasnetworks.com,Sathyas Networks,completed,Answered,"The call initiated with the agent's introduction and a request for time, but the transcript ends without any recorded interaction or response from the prospect.",2026-05-07T10:55:17.074245Z,
16707,Avoor Networks Pvt. Ltd.,+919632819991,sales@avoornetworks.com,Avoor Networks Pvt. Ltd.,completed,Answered,The call has just initiated with the sales agent introducing themselves and asking if the prospect has a minute to talk.,2026-05-07T10:52:33.532352Z,
16708,TermVertex Blr,+919845076102,prathishraj@teamvertex.com,TermVertex Blr,completed,Answered,"The sales assistant introduced themselves and asked for a minute of the prospect's time, but the transcript ends before any response or further interaction.",2026-05-07T10:50:00.759191Z,
16709,StaunchOndemand Solutions Private Limited,+919759925701,nitesh@sodspl.com,StaunchOndemand Solutions Private Limited,completed,Answered,"The call is an initial cold outreach where the agent introduces themselves and asks if the prospect has a minute, but no actual conversation or sales pitch has occurred.",2026-05-07T10:48:47.495120Z,
16710,Synergy Systems & Pheripherals,+919841746593,nfo1@synergysystem.in,Synergy Systems & Pheripherals,completed,Answered,"The call was brief and unintelligible, failing to progress beyond initial greetings due to communication issues.",2026-05-07T10:47:52.126045Z,
16711,Kamalveer Systems,+918886331764,info@kamalveersystems.net,Kamalveer Systems,completed,Answered,"The sales agent initiated the call and provided an introduction, but the transcript ends before any meaningful interaction or response from the prospect occurred.",2026-05-07T10:33:56.620972Z,
16712,Gowra Bits & Bytes Private Limited,+919866669151,hello@gbb.co.in,Gowra Bits & Bytes Private Limited,completed,Answered,The call just started with the sales agent introducing herself and asking if the prospect has a minute. No interaction or outcome beyond the introduction has occurred.,2026-05-07T10:32:43.271667Z,
16713,ServerCart,+919343334445,greenitblr@gmail.com,ServerCart,completed,Answered,The call has just begun with the agent introducing herself and asking for a minute of the prospect's time. No actual conversation or outcome has been reached yet.,2026-05-07T10:29:22.830219Z,
16714,Jyeshtha Solutions Pvt. Ltd.,+919845104804,contact@jyeshtha.com,Jyeshtha Solutions Pvt. Ltd.,completed,Answered,"The sales agent has just introduced herself and her company, asking if the prospect has a minute to talk. No actual conversation or outcome has been reached yet.",2026-05-07T10:26:48.137168Z,
16228,Edream,+919663377073,contact@edream.co.in,Edream,completed,Interested,"The sales agent made initial contact and successfully obtained an email address from the user, indicating a potential lead, despite some communication issues.",2026-05-07T10:24:54.517414Z,
16715,Anandit infotech India Pvt Ltd,+919945609325,admin@ananditinfotech.in,Anandit infotech India Pvt Ltd,completed,Answered,"The call transcript only includes the sales agent's opening introduction and a question to the prospect, with no interaction or outcome yet.",2026-05-07T10:23:29.032142Z,
16716,Dynamic It Services,+919810735243,sunilyadav@dynamicitservices.in,Dynamic It Services,completed,Answered,The call has just begun with the sales agent introducing themselves and asking for a minute of the prospect's time.,2026-05-07T10:21:47.697563Z,
16717,Green it Soluzione,+918879739774,samkhancisco1993@gmail.com,Green it Soluzione,completed,Answered,"The call began with the assistant introducing herself and asking for a minute of the prospect's time, but no further interaction or outcome is recorded in this snippet.",2026-05-07T10:18:48.875426Z,
16718,Secure Tel Networks Inc,+919448082646,Info@Securetel.In,Secure Tel Networks Inc,completed,Answered,"The call initiated with the sales assistant introducing herself and her company, then immediately asking the prospect if they had a moment. No further conversation or prospect response is recorded.",2026-05-07T10:17:29.630609Z,
16719,METAPOINT TECHNOLOGIES PVT LTD,+919989544438,hari@metapoint.in,METAPOINT TECHNOLOGIES PVT LTD,completed,Answered,"The call was extremely brief and fragmented, with very poor and unclear communication from both the assistant and the user. No meaningful conversation or progress was made.",2026-05-07T10:14:59.830342Z,
16720,Enertech UPS Pvt Ltd,+919373336340,sales@enertechups.com,Enertech UPS Pvt Ltd,completed,Answered,"The call is at its very beginning, with the agent introducing herself and asking if the prospect has a minute. No interaction or outcome has occurred yet.",2026-05-07T10:09:37.249581Z,
16721,Waaree Solar Power Centre,+919764868688,anuradha.thakur@prianenergy.com,Waaree Solar Power Centre,completed,Answered,"The sales agent initiated the call with an introduction and a request for the contact's time, but the interaction was cut short.",2026-05-07T10:02:21.442937Z,
16722,Ultra Power Solutions,+917718926713,support@ultraups.com,Ultra Power Solutions,completed,Answered,"The sales agent initiated a call and introduced themselves, but the transcript ends before any conversation or outcome is established.",2026-05-07T09:58:36.026437Z,
16723,EnerTech UPS Pvt Ltd.,+919373336340,support@enertechups.com,EnerTech UPS Pvt Ltd.,completed,Answered,"The call has just begun with an introduction from Radhika of Procucev, Bangalore, asking if the recipient has a minute.",2026-05-07T09:57:12.699406Z,
16724,Costa Power Industries Pvt. Ltd.,+917971671193,sunil@upscbatteriesindia.com,Costa Power Industries Pvt. Ltd.,completed,Answered,Failed to analyze: Server error '503 Service Unavailable' for url 'https://generativelanguage.googleapis.com/v1beta/models/gemini-flash-latest:generateContent?key=AIzaSyB18P2O-Ir-BAWpM-gbms03122SrAgVIp0' For more information check: https://developer.mozilla.org/en-US/docs/Web/HTTP/Status/503,2026-05-07T09:55:27.075860Z,
16725,Tanushri Power Solutions,+918380957628,service.tanushripowersolutions@gmail.com,Tanushri Power Solutions,completed,Answered,"The agent introduced herself, but the conversation became unclear when the user mentioned 'payment' and the agent responded in a mix of Hindi and English. The call failed to establish a clear purpose or move the lead forward.",2026-05-07T09:53:21.525774Z,
16229,Sycom Power Protection Pvt Ltd,+919821154210,sales@sycompower.com,Sycom Power Protection Pvt Ltd,completed,Interested,"The assistant made an initial outreach call, and after some unclear communication, the user provided an email address for further information regarding the call's purpose.",2026-05-07T09:47:12.882110Z,
16726,Skynet Power Solutions Pvt. Ltd.,+919930682519,sales@skynetups.in,Skynet Power Solutions Pvt. Ltd.,completed,Answered,"The call began with an introduction from Radhika of Procucev, Bangalore, who then asked if the recipient had a quick minute to talk.",2026-05-07T09:46:05.505735Z,
16727,Sk Power Engineering,+919930299228,sales@skpowerengineering.in,Sk Power Engineering,completed,Answered,The sales agent initiated the call with an introduction but the transcript ends before any meaningful interaction or response from the lead.,2026-05-07T09:44:36.248872Z,
16728,Batt Power Company,+919860178649,sales@battpower.in,Batt Power Company,completed,Answered,The call is an initial outreach where the assistant introduces herself and asks for a minute of the prospect's time. No actual conversation or outcome has occurred yet.,2026-05-07T09:38:59.754508Z,
16230,Transfield Transformers & Electronics Pvt Ltd,+919922123344,pandit@transfieldpune.com,Transfield Transformers & Electronics Pvt Ltd,completed,Interested,The user confirmed their phone number is registered on WhatsApp and requested that information be sent there for further review.,2026-05-07T09:32:25.383762Z,
16729,Nishan Power Converters,+919145193888,mktg@nishan.in,Nishan Power Converters,completed,Answered,"The call has just begun with an introduction from Radhika of Procucev, Bangalore, who is asking if the recipient has a quick minute.",2026-05-07T09:26:46.625343Z,
16231,MK POWER DISTRIBUTORS,+919021353189,mkpowersystem74@gmail.com,MK POWER DISTRIBUTORS,completed,Interested,"The call, despite initial confusion, successfully identified the user's interest in a ""power system"" related service. The user provided their contact number and requested immediate action.",2026-05-07T09:23:50.952219Z,
16730,J K Power Guard,+919302093090,jkpowerguard@yahoo.com,J K Power Guard,completed,Answered,"The call transcript is extremely short, showing only the sales agent's initial greeting and request for a minute of the prospect's time. No interaction or response from the prospect is recorded.",2026-05-07T09:23:29.753709Z,
16731,Super Tech Power Systems,+919821170829,info@supertechpower.com,Super Tech Power Systems,completed,Answered,"The sales agent failed to connect with the decision-maker, encountering a potential gatekeeper who asked to check for the intended recipient.",2026-05-07T09:23:02.457635Z,
16732,S M Power Systems,+919922516363,info@smpowersystems.com,S M Power Systems,completed,Answered,The call has just begun with an introduction from the sales agent and a request for the prospect's availability.,2026-05-07T09:22:37.225986Z,
16733,Namrata Power Systems,+919762061555,info@namratapower.com,Namrata Power Systems,completed,Answered,"The sales agent initiated the call and introduced herself, but the interaction concluded before the lead provided any response.",2026-05-07T09:19:49.190771Z,
16734,Hyderabad AC Services,+918712322475,info@hyderabadacservices.com,Hyderabad AC Services,completed,Answered,"The call was a very brief opening by the sales assistant, introducing herself and her company, but no interaction or response from the prospect is recorded in this snippet.",2026-05-07T09:18:16.498970Z,
16735,Eendee Sales & Services Pvt Ltd,+919920933873,info@eendee.com,Eendee Sales & Services Pvt Ltd,completed,Answered,"The agent introduced themselves and asked for the prospect's time, but the transcript ends before any interaction or response could occur.",2026-05-07T09:17:53.276688Z,
16736,R.P. Electronics,+919436128303,electronicsrp720@gmail.com,R.P. Electronics,completed,Answered,The call has just begun with the agent's introduction and a request for a minute of the prospect's time. No actual conversation or outcome has occurred yet.,2026-05-07T09:17:05.628264Z,
16737,AG Power Systems,+919867731444,agpowercompany@gmailcom,AG Power Systems,completed,Answered,"The sales agent introduced herself, but the call ended immediately before any dialogue or qualifying conversation occurred.",2026-05-07T09:15:34.913384Z,
16738,MPower India Pvt. Ltd.,+917977741332,advertising@mpowergroup.in,MPower India Pvt. Ltd.,completed,Answered,The call has just begun with the sales agent introducing herself and asking if the prospect has a minute. No actual sales conversation or outcome has occurred yet.,2026-05-07T09:15:17.742519Z,
16739,KRITI STEEL Industries,+919892706144,kirtisteel121@rediffmail.com,KRITI STEEL Industries,completed,Answered,"The agent initiated the call and introduced herself, but the transcript ends before any interaction or response from the prospect occurred.",2026-05-07T09:14:52.504048Z,
16740,Atmajyoti Ply,+918605966236,jainamoswal2001@gmail.com,Atmajyoti Ply,completed,Answered,"The call initiated with the sales assistant introducing themselves and asking for the prospect's availability, but no further conversation or outcome was reached within the provided transcript.",2026-05-07T09:13:25.956878Z,
16741,Trinity Packaging Co Pvt Ltd,+919773322483,info@trinitypallet.com,Trinity Packaging Co Pvt Ltd,completed,Answered,The call was very brief and ended immediately after the assistant's introduction due to a misunderstanding or unclear response from the user. No progress was made in lead generation.,2026-05-07T09:11:56.387628Z,
16915,PROGRESSIVE TIMBER PVT LTD,+919619442266,info@progressivetimber.com,PROGRESSIVE TIMBER PVT LTD,completed,Call Later,"The user initially stated unavailability but then requested the agent to call back in two minutes to proceed with the discussion, indicating potential interest.",2026-05-07T09:09:13.421292Z,
16742,Matere Packaging,+919881316625,info@materepackaging.com,Matere Packaging,completed,Answered,The call just started with an introduction from the sales agent and a request for the prospect's time. No actual conversation or lead qualification has occurred yet.,2026-05-07T09:04:08.225164Z,
16743,HEMANT WOODEN PACKAGING,+919820362396,INFO@HEMANTWOODENPACKAGAING.COM,HEMANT WOODEN PACKAGING,completed,Answered,"The sales agent introduced herself and asked for the lead's time, but the transcript ends before a response was given.",2026-05-07T09:03:48.979831Z,
16744,Gravity Lab Laboratory Equipment,+919821198397,info@gravitylab.in,Gravity Lab Laboratory Equipment,completed,Answered,The call began with the agent introducing themselves and asking the prospect for a minute of their time; no further interaction is provided in the transcript.,2026-05-07T09:03:31.783781Z,
16745,Chopda Industries,+919823722209,info@chopdaindustries.com,Chopda Industries,completed,Answered,The agent introduced themselves and their company but the transcript concludes before the prospect provides a response.,2026-05-07T09:03:06.562738Z,
16746,AVON APPLIANCES,+919820084688,info@avonappliances.com,AVON APPLIANCES,completed,Answered,"The sales agent introduced themselves and their company, but the call transcript ends before a response or outcome is established.",2026-05-07T09:02:39.334287Z,
16747,Classic Flooring & Interior (P) Ltd,+919019335959,himanshu.sm@squarefoot.co.in,Classic Flooring & Interior (P) Ltd,completed,Answered,"The sales agent introduced themselves and the company, but the transcript ends immediately after the opening greeting.",2026-05-07T09:01:43.991343Z,
16748,Beautex Industries,+919022150000,happy2help@beautex.in,Beautex Industries,completed,Answered,The sales agent reached an automated IVR system for Butech Industries and was unable to connect with a human representative.,2026-05-07T09:00:16.524568Z,
16749,G.T. Pest Control Pvt Ltd,+917875554807,gtpestcontrolpune@gmail.com,G.T. Pest Control Pvt Ltd,completed,Answered,"The sales agent initiated the call with an introduction and a request for the lead's time, but the transcript ends before any interaction occurred.",2026-05-07T08:59:43.048933Z,
16750,Bombay Gift Company,+919820114078,bombaygiftcompany@gmail.com,Bombay Gift Company,completed,Answered,The call has just begun with the sales agent introducing themselves and asking for the prospect's availability.,2026-05-07T08:58:12.427716Z,
16751,Stallion Paints,+917842085441,stallionpaints@gmail.com,Stallion Paints,completed,Answered,"The agent introduced herself and asked for the prospect's time, but the call ended or the transcript concluded before a response was received.",2026-05-07T08:56:36.791514Z,
16752,Colour India Paints Industries,+919848192088,colour_mk@yahoo.com,Colour India Paints Industries,completed,Answered,"The sales agent initiated contact and the prospect was willing to listen, but the conversation ended abruptly before a value proposition could be delivered.",2026-05-07T08:55:57.508032Z,
16753,Shades,+919885374724,shadesno1@gmail.com,Shades,completed,Answered,The sales agent initiated the call with an introduction and a request for the prospect's time. No actual conversation or outcome has occurred yet.,2026-05-07T08:53:29.544890Z,
16754,Monarch Paints,+919966664269,monarchpaintz@gmail.com,Monarch Paints,completed,Answered,"The sales assistant initiated the call and introduced herself, but the transcript ends before a conversation could take place.",2026-05-07T08:53:04.251533Z,
16755,Lakshmi Gayatri Agency,+919000929219,lakshmigayatri99@gmail.com,Lakshmi Gayatri Agency,completed,Answered,The call is an initial contact where the agent introduces themselves and asks for the prospect's availability. No further conversation or lead generation occurred.,2026-05-07T08:49:10.838679Z,
16756,Kailash Hardware Corporation & Kailash Enterprises,+919848287732,kailashwirenetting@gmail.com,Kailash Hardware Corporation & Kailash Enterprises,completed,Answered,"The sales agent successfully initiated the call and introduced themselves, but the transcript ends before the prospect could respond.",2026-05-07T08:48:49.627256Z,
16757,V B Chemicals & Traders,+918154897272,info@Chemicals4construction.com,V B Chemicals & Traders,completed,Answered,The call was a very brief introduction by the sales assistant who asked if the recipient had a minute to talk. No actual discussion or lead generation occurred.,2026-05-07T08:47:06.970819Z,
16758,Fosroc Chemicals (India) (P) Ltd,+917411011070,enquiry.india@fosroc.com,Fosroc Chemicals (India) (P) Ltd,completed,Answered,The call has just begun with the sales agent introducing herself and asking for a minute of the prospect's time. No actual conversation or lead qualification has occurred yet.,2026-05-07T08:46:35.752426Z,
16232,EagleCoats,+919121230001,eaglecoats@rediffmail.com,EagleCoats,completed,Interested,"The call was initially unclear and confused, but the user eventually requested information about the platform and quotation to be sent via email and WhatsApp, stating they would review it and call back.",2026-05-07T08:43:03.680323Z,
16759,Akzo Nobel India Limited,+918336967462,customercare.india@akzonobel.com,Akzo Nobel India Limited,completed,Answered,"The call initiated with an introduction from the assistant, but no meaningful conversation occurred beyond the user saying 'Hello' before the transcript ended.",2026-05-07T08:42:02.181126Z,
16760,EXPERT ENTERPRISES,+919826609826,expertenterprises003@gmail.com,EXPERT ENTERPRISES,completed,Answered,The call has just begun with the agent introducing herself and asking for a minute of the prospect's time. No interaction or response from the prospect has occurred yet.,2026-05-07T08:40:39.412764Z,
16233,FUTURE RAY TECHNO SOLUTIONS,+917259676627,info@frtnsolutions.in,FUTURE RAY TECHNO SOLUTIONS,completed,Interested,The prospect requested to receive and review information via email rather than discussing it over the phone.,2026-05-07T08:37:21.320261Z,
16761,Silitech Computers,+919874035831,silitech@gmail.com,Silitech Computers,completed,Answered,"The agent initiated the call with an introduction, but the transcript ends before a response or conversation took place.",2026-05-07T08:35:20.603099Z,
16762,Aster Infosystems,+919663371804,asterinfosystems@gmail.com,Aster Infosystems,completed,Answered,"The sales agent initiated the call with an introduction and a request for the lead's time, but the transcript concludes before a response is captured.",2026-05-07T08:33:37.770130Z,
16763,Netsoft Systems & Networks,+919845130939,sales@netsoftindia.co.in,Netsoft Systems & Networks,completed,Answered,"The sales agent has just introduced herself and asked if the prospect has a minute, but there is no further interaction recorded.",2026-05-07T08:31:43.113379Z,
16764,Microtouch Infotech Pvt Ltd,+919448066586,info@microtouch.co.in,Microtouch Infotech Pvt Ltd,completed,Answered,The call has just begun with the agent's introduction and a request for the prospect's time. No actual conversation or outcome has been reached yet.,2026-05-07T08:31:19.919288Z,
16765,Zebronics India Private Limited,+919331386745,itsales.support1@zebronics.com,Zebronics India Private Limited,completed,Answered,"The sales agent initiated the call with an introduction, but the transcript ends before a conversation could take place.",2026-05-07T08:30:56.680398Z,
16766,Kothari Electro World,+917892898221,kotharielectroworld@yahoo.com,Kothari Electro World,completed,Answered,"The call began with an introduction from the sales agent and a question about the prospect's availability, but the interaction did not proceed further.",2026-05-07T08:30:39.518118Z,
16767,System Needs,+919845543444,support@systemneeds.in,System Needs,completed,Answered,"The call is an initial outreach from the sales agent, Radhika from Procucev, introducing herself and asking if the prospect has a minute. The prospect has not yet responded.",2026-05-07T08:30:22.315576Z,
16768,Apar Systems & Peripherals,+919393461436,kushal.desai@apar.com,Apar Systems & Peripherals,completed,Answered,"The sales agent initiated the call with an introduction, but the interaction ended before the lead could respond.",2026-05-07T08:29:53.059680Z,
16769,GADGETOLOGY NETWORK PRIVATE LIMITED,+917899402171,support@gadgetology.in,GADGETOLOGY NETWORK PRIVATE LIMITED,completed,Answered,The call is an initial outreach where the sales agent introduces herself and asks for a minute of the prospect's time. No actual conversation or engagement has occurred yet.,2026-05-07T08:27:13.034615Z,
16770,TenX Services Private Limited,+919916949898,sales@tenxworld.com,TenX Services Private Limited,completed,Answered,"The call initiated with the assistant introducing herself and her company, asking if the recipient had a moment to talk.",2026-05-07T08:25:20.348254Z,
16771,Balaji Bag Manufacturers,+919845162511,sales@balajibag.com,Balaji Bag Manufacturers,completed,Answered,"The call began with an introduction from Radhika of Procucev, but did not progress beyond asking for the customer's time.",2026-05-07T08:22:33.945440Z,
16234,Prodigy Computers and Laptops Pvt Lt,+919985356363,prodigyhyderabad@gmail.com,Prodigy Computers and Laptops Pvt Lt,completed,Interested,The call was very brief and did not progress into a sales conversation. The user spontaneously provided an email address without a direct request from the assistant.,2026-05-07T08:21:16.491738Z,
16772,Amoolya Systems Technologies,+919980199974,murali@amoolyasystems.com,Amoolya Systems Technologies,completed,Answered,"The sales agent introduced herself and the company, but the transcript ends before the lead provided any response.",2026-05-07T08:19:43.799156Z,
16773,Smart Branding Solutions,+919381784215,info@smartbranding.top,Smart Branding Solutions,completed,Answered,"The call transcript only includes the sales agent's opening line, introducing themselves and asking for a minute of the prospect's time, with no response recorded.",2026-05-07T08:17:55.161512Z,
16774,Shweta Computers Inc,+919347790649,info@shwetacomputers.com,Shweta Computers Inc,completed,Answered,"The call initiated with an introduction from Radhika of Procucev, Bangalore, who then asked if the prospect had a quick minute to talk.",2026-05-07T08:17:23.934941Z,
16775,Direct HP,+919167986287,hplulu.bng@it-world.in,Direct HP,completed,Answered,"The sales agent reached a local branch of Lulu Mall, but the employee was unable to provide a contact email or identify the decision-maker, redirecting the agent to their Chennai head office.",2026-05-07T08:15:16.267097Z,
16776,Globrands Lifestyle Pvt Ltd,+919900026647,enquiry@globrandslifestyle.com,Globrands Lifestyle Pvt Ltd,completed,Answered,"The sales assistant introduced herself and requested a minute of the prospect's time, but the interaction ended before the prospect could respond.",2026-05-07T08:13:43.657433Z,
16777,CustomWish Corporate Gifts,+919886888572,contact@thecustomwish.com,CustomWish Corporate Gifts,completed,Answered,"The call initiated with an introduction from Radhika of Procucev, Bangalore, and a request for a minute of the prospect's time. No further conversation or outcome is available.",2026-05-07T08:13:26.439980Z,
16778,Edream,+919663377073,contact@edream.co.in,Edream,completed,Answered,"The call was extremely brief, only confirming the user's email address. The sales agent did not proceed with any sales pitch or lead generation attempt.",2026-05-07T08:11:32.887371Z,
16779,B M Traders,+919886081173,Bmtraders05@gmail.com,B M Traders,completed,Answered,"The call is extremely brief, with the sales assistant only introducing herself and asking if the recipient has a minute. There is no interaction from the prospect yet.",2026-05-07T08:11:07.674700Z,
16780,LAPTOP STORE INDIA,+919500156666,asusstoremarathahalli@laptopstoreindia.com,LAPTOP STORE INDIA,completed,Answered,"The call was a brief initial outreach where the sales agent introduced themselves and asked if the recipient had a minute, with no further interaction recorded.",2026-05-07T08:10:46.428701Z,
16781,Lenovo India Pvt Ltd,+919739923854,arao4@lenovo.com,Lenovo India Pvt Ltd,completed,Answered,"The call was extremely brief, ending shortly after the assistant's introduction due to a confusing and possibly irrelevant response from the user. No meaningful conversation or sales pitch occurred.",2026-05-07T08:09:05.653354Z,
16782,EXPERT ENTERPRISES,+919826609826,expertenterprises003@gmail.com,EXPERT ENTERPRISES,completed,Answered,The call has just started with the agent introducing herself and asking for the prospect's availability. No interaction from the prospect has occurred yet.,2026-05-07T08:08:38.428173Z,
16783,FUTURE RAY TECHNO SOLUTIONS,+917259676627,info@frtnsolutions.in,FUTURE RAY TECHNO SOLUTIONS,completed,Answered,"The call initiated with the sales agent introducing themselves and asking for the prospect's availability, but no substantive conversation occurred.",2026-05-07T08:06:04.491037Z,
16784,Silitech Computers,+919874035831,silitech@gmail.com,Silitech Computers,completed,Answered,The sales agent initiated the call with an introduction but the transcript ends before the lead's response or any further interaction.,2026-05-07T08:04:15.803354Z,
16785,Aster Infosystems,+919663371804,asterinfosystems@gmail.com,Aster Infosystems,completed,Answered,The sales agent initiated a call and introduced themselves but the transcript ends before the prospect provides any response.,2026-05-07T08:02:43.232295Z,
16786,Arcamax Computer Systems (P) Ltd,+919880442365,vinod@arcamaxindia.com,Arcamax Computer Systems (P) Ltd,completed,Answered,The agent introduced herself and the company but the transcript ends before the prospect could respond or a conversation could occur.,2026-05-07T08:02:16.022339Z,
16787,Netsoft Systems & Networks,+919845130939,sales@netsoftindia.co.in,Netsoft Systems & Networks,completed,Answered,"The sales agent successfully initiated the call and delivered the opening hook, but the transcript ends before the prospect's response.",2026-05-07T08:01:24.677904Z,
16788,Microtouch Infotech Pvt Ltd,+919448066586,info@microtouch.co.in,Microtouch Infotech Pvt Ltd,completed,Answered,"The sales agent initiated the call with an introduction and asked for the lead's time, but the transcript ends before any interaction occurs.",2026-05-07T08:00:55.424655Z,
16789,Zebronics India Private Limited,+919331386745,itsales.support1@zebronics.com,Zebronics India Private Limited,completed,Answered,"The sales agent introduced herself and asked for the lead's time, but the transcript ends before any interaction occurred.",2026-05-07T08:00:34.196976Z,
16790,Kothari Electro World,+917892898221,kotharielectroworld@yahoo.com,Kothari Electro World,completed,Answered,"The agent initiated contact and verified a phone number with the user, but the conversation was fragmented and lacked a professional sales pitch.",2026-05-07T07:59:08.621221Z,
16791,System Needs,+919845543444,support@systemneeds.in,System Needs,completed,Answered,"The call began with an introduction from the agent and a request for the prospect's time, but no further interaction or outcome was reached within the transcript provided.",2026-05-07T07:58:47.416331Z,
16792,Apar Systems & Peripherals,+919393461436,kushal.desai@apar.com,Apar Systems & Peripherals,completed,Answered,"The call initiated with an introduction from the sales agent. The user acknowledged the agent and indicated willingness to speak, but the conversation was cut short before any substance could be discussed.",2026-05-07T07:58:10.086992Z,
16793,K. S. Reddy's Enterprises,+919986015112,www.mishop.in@gmail.com,K. S. Reddy's Enterprises,completed,Answered,"The call began with an introduction from Radhika of Procucev, Bangalore, and a request for a minute of the recipient's time.",2026-05-07T07:57:42.840742Z,
16916,United Systems & Networks,+919246595940,usnetw@yahoo.com,United Systems & Networks,completed,Call Later,"The sales agent initiated a call, but the user was not at their system and requested a callback later. The user asked to be called back in one hour.",2026-05-07T07:56:25.267765Z,
16794,GADGETOLOGY NETWORK PRIVATE LIMITED,+917899402171,support@gadgetology.in,GADGETOLOGY NETWORK PRIVATE LIMITED,completed,Answered,The call has just initiated with the agent introducing themselves and asking for the prospect's time.,2026-05-07T07:55:39.934656Z,
16795,TenX Services Private Limited,+919916949898,sales@tenxworld.com,TenX Services Private Limited,completed,Answered,The call has just begun with the sales agent introducing themselves and asking if the recipient has a minute. No interaction beyond the initial greeting has occurred.,2026-05-07T07:54:05.149168Z,
16796,Square network solutions Pvt Ltd,+919840987432,sales@squarenet.in,Square network solutions Pvt Ltd,completed,Answered,"The sales agent initiated the call with an introduction and a request for the prospect's time. The call is in its very early stages, with no interaction yet from the prospect.",2026-05-07T07:53:19.825730Z,
16797,Orchids Network & Systems (I) Private Limited,+919880799977,sales@onsipl.com,Orchids Network & Systems (I) Private Limited,completed,Answered,"The call was extremely brief and ended in a complete communication breakdown, with no progress made towards a sales conversation.",2026-05-07T07:52:08.340299Z,
16798,Prodigy Computers and Laptops Pvt Lt,+919985356363,prodigyhyderabad@gmail.com,Prodigy Computers and Laptops Pvt Lt,completed,Answered,"The call was extremely brief, with the agent introducing herself before asking an unclear question ('ID?'). No actual conversation or lead qualification occurred.",2026-05-07T07:50:28.846606Z,
16799,Amoolya Systems Technologies,+919980199974,murali@amoolyasystems.com,Amoolya Systems Technologies,completed,Answered,"The call is an initial introduction from Radhika of Procucev, Bangalore, asking if the recipient has a minute.",2026-05-07T07:48:52.114636Z,
16800,Shweta Computers Inc,+919347790649,info@shwetacomputers.com,Shweta Computers Inc,completed,Answered,The call began with the sales agent introducing themselves and asking for a minute of the prospect's time.,2026-05-07T07:45:50.111553Z,
16801,Globrands Lifestyle Pvt Ltd,+919900026647,enquiry@globrandslifestyle.com,Globrands Lifestyle Pvt Ltd,completed,Answered,The call has just begun with the sales agent introducing themselves and asking for a minute of the prospect's time. No further conversation or outcome has been established.,2026-05-07T07:41:17.709447Z,
16802,CustomWish Corporate Gifts,+919886888572,contact@thecustomwish.com,CustomWish Corporate Gifts,completed,Answered,"The call begins with an introduction from the sales assistant, Radhika, who asks if the prospect has a minute to talk.",2026-05-07T07:40:46.455254Z,
16803,LAPTOP STORE INDIA,+919500156666,asusstoremarathahalli@laptopstoreindia.com,LAPTOP STORE INDIA,completed,Answered,"The sales agent introduced herself and her company, then asked if the prospect had a minute. The call is in its initial stages, with no actual conversation yet.",2026-05-07T07:37:01.443870Z,
16804,MetaCore Technologies,+916363677246,arjun@metacoretechnologies.in,MetaCore Technologies,completed,Answered,The call was extremely brief and ended abruptly after the assistant's premature request for an email address. No meaningful conversation or qualification occurred.,2026-05-07T07:35:50.007839Z,
16805,Achme Communication,+919842235515,sales1@achmecommunication.com,Achme Communication,completed,Answered,"The call was brief and largely ineffective due to significant communication breakdown from the sales assistant. No clear pitch was delivered, and the conversation ended abruptly after the user provided their email ID.",2026-05-07T07:33:09.041268Z,
16806,TenX Services Private Limited,+919916949898,sales@tenxworld.com,TenX Services Private Limited,completed,Answered,This is the very beginning of a cold call where the assistant introduces herself and asks for a minute of the prospect's time. No substantive conversation or outcome has occurred yet.,2026-05-07T07:31:22.303965Z,
16807,Square network solutions Pvt Ltd,+919840987432,sales@squarenet.in,Square network solutions Pvt Ltd,completed,Answered,"The call initiated with the sales agent's introduction and a request for time, but the transcript ends without any prospect response or further interaction.",2026-05-07T07:30:40.988744Z,
16808,Kashyap Infotech,+919842873554,sales@massrack.in,Kashyap Infotech,completed,Answered,"The call had a very brief exchange where the assistant introduced herself, but no actual conversation or lead qualification occurred.",2026-05-07T07:28:26.226793Z,
16809,Synergy Systems & Pheripherals,+919841746593,nfo1@synergysystem.in,Synergy Systems & Pheripherals,completed,Answered,"The call began with an introduction from Radhika, but the prospect's response or availability was not captured, making it an incomplete interaction.",2026-05-07T07:24:26.178644Z,
16810,Super Enterprises,+917358113370,marketing@esuper.in,Super Enterprises,completed,Answered,"The call is a very brief opening, with the assistant introducing themselves and asking if the prospect has a minute. No actual sales conversation or prospect engagement has occurred yet.",2026-05-07T07:22:50.897156Z,
16811,GBS Systems & Services (P) Ltd,+919600375222,manivannanvembu@gbssystems.com,GBS Systems & Services (P) Ltd,completed,Answered,"The call is an initial greeting from the sales assistant, Radhika, introducing herself and her company, Procucev, and asking if the recipient has a minute. No actual sales conversation or prospect interaction has occurred yet.",2026-05-07T07:22:25.687494Z,
16917,Hi-Tech Systems & Services Ltd,+919751209884,info@hitechsystemss.com,Hi-Tech Systems & Services Ltd,completed,Busy,The call was extremely brief and ended abruptly before any meaningful conversation or sales pitch could occur. The user's intent and availability were unclear.,2026-05-07T07:20:51.098115Z,
16812,GBS Infoo Systems,+919941054646,info@gbssystems.com,GBS Infoo Systems,completed,Answered,"The call has just begun with an introduction from Radhika of Procucev, Bangalore, asking if the prospect has a minute.",2026-05-07T07:20:31.884710Z,
16813,Direct HP,+919167986287,hplulu.bng@it-world.in,Direct HP,completed,Answered,The sales assistant reached an automated IVR system and was unable to connect with a person. The call concluded without any meaningful interaction.,2026-05-07T07:18:55.106527Z,
16814,Supreme Computer India Pvt Ltd,+919500017188,esupport@supremeindia.com,Supreme Computer India Pvt Ltd,completed,Answered,"The sales agent initiated the call with an introduction and asked for a minute of the prospect's time, but the interaction is still at the very beginning.",2026-05-07T07:14:00.205540Z,
16815,Stylerz Gifts Inc,+919500117865,designerstylerz@gmail.com,Stylerz Gifts Inc,completed,Answered,"The call was an initial contact attempt that only included an introduction and a question to the prospect, but the transcript ends before any response is given.",2026-05-07T07:12:09.545671Z,
16816,Sri Vinayaga Bag Industries,+919840278198,d.vinayagam@yahoo.co.in,Sri Vinayaga Bag Industries,completed,Answered,"The sales agent introduced herself and her company, but the transcript ends before any meaningful interaction or response from the lead.",2026-05-07T07:11:42.328382Z,
16817,CustomWish Corporate Gifts,+919886888572,contact@thecustomwish.com,CustomWish Corporate Gifts,completed,Answered,"The agent introduced themselves, but the call ended abruptly after an unclear and brief exchange with the lead.",2026-05-07T07:09:45.473246Z,
16818,LAPTOP STORE INDIA,+919500156666,asusstoremarathahalli@laptopstoreindia.com,LAPTOP STORE INDIA,completed,Answered,"The call is an initial outreach from Radhika at Procucev, attempting to ascertain if the recipient has time to talk.",2026-05-07T07:07:11.361378Z,
16819,MetaCore Technologies,+916363677246,arjun@metacoretechnologies.in,MetaCore Technologies,completed,Answered,The call has just initiated with the sales assistant introducing herself and asking the prospect if they have a minute. No actual conversation or outcome has occurred yet.,2026-05-07T07:06:17.889971Z,
16820,Agni Electronics,+917402253377,accounts@agnielectronics.co.in,Agni Electronics,completed,Answered,"The call has just started with an introduction from Radhika of Procucev, Bangalore, asking if the recipient has a minute.",2026-05-07T07:04:37.226506Z,
16821,ABM ASSOCIATES,+917353698596,abm017associates@gmail.com,ABM ASSOCIATES,completed,Answered,The call has just begun with the assistant introducing herself and asking for the prospect's availability.,2026-05-07T07:04:10.008678Z,
16822,Technogreen Airconditioning Pvt Ltd,+919538867796,salestg@technogreenindia.in,Technogreen Airconditioning Pvt Ltd,completed,Answered,The sales agent has initiated the call with an introduction and a time-check question.,2026-05-07T07:03:07.478269Z,
16823,CNC Associates,+919902070764,cncassociates@gmail.com,CNC Associates,completed,Answered,The call has just begun with the sales assistant introducing herself and asking for a minute of the prospect's time.,2026-05-07T07:02:28.309255Z,
16918,SECUNDERABAD REFRIGERATION & ELECTRICALS,+919866470590,refrigeration@gmail.com,SECUNDERABAD REFRIGERATION & ELECTRICALS,completed,Busy,The call was unsuccessful as the user was distracted with a manual task and provided incoherent responses before the agent ended the call.,2026-05-07T07:00:09.172428Z,
16824,Loyola Industrial Training Institute,+918147027450,office.liti@gmail.com,Loyola Industrial Training Institute,completed,Answered,"The call is an initial outreach where the agent introduced themselves and asked if the prospect had a minute, but there was no further interaction recorded.",2026-05-07T06:58:26.391825Z,
16825,Terra Cool Solutions,+919880417067,sales@terracoolsolutions.in,Terra Cool Solutions,completed,Answered,The call was very brief and ended immediately after the user provided an unclear and seemingly unrelated response. No sales progress was made.,2026-05-07T06:57:51.138158Z,
16826,Peak Systems Refrigeration Pvt Ltd,+919995488111,customer.support@peaksystems.in,Peak Systems Refrigeration Pvt Ltd,completed,Answered,The call initiated with an introduction from the agent and a request for a minute of the prospect's time. No actual conversation or outcome has occurred yet.,2026-05-07T06:56:08.396180Z,
16827,Cool & Comfort Air Conditioning Engineers,+919885522216,coolandcomfort.vja@gmail.com,Cool & Comfort Air Conditioning Engineers,completed,Answered,"The call experienced a severe communication breakdown from the outset, with the user's responses becoming increasingly nonsensical in the context of the sales pitch, leading to a complete failure to engage or progress.",2026-05-07T06:54:46.874517Z,
16828,STRATPRO HVACR AND BUILDING SOLUTIONS PVT LIMITED,+919663961123,srihari@stratprosolutions.com,STRATPRO HVACR AND BUILDING SOLUTIONS PVT LIMITED,completed,Answered,"The sales agent, Radhika from Procucev, Bangalore, has just initiated the call, introducing herself and asking the prospect if they have a minute. No response from the prospect is yet recorded.",2026-05-07T06:53:16.276393Z,
16829,APEX HVAC ENGINEERS,+919141882774,service@apexhvacengineers.com,APEX HVAC ENGINEERS,completed,Answered,"The call was extremely brief, with the assistant only managing to introduce herself and ask about the user's availability before the conversation stalled.",2026-05-07T06:52:47.015337Z,
16830,Ind Air Con Engineers Pvt Ltd,+919880011011,sathya@indaircon.com,Ind Air Con Engineers Pvt Ltd,completed,Answered,"The call transcript is only the opening line from the sales assistant, asking if the prospect has a minute. No actual conversation or outcome has occurred yet.",2026-05-07T06:52:05.687434Z,
16831,Peace HVAC Engineers,+919743388877,peacehvac@gmail.com,Peace HVAC Engineers,completed,Answered,"The call began with an introduction from Radhika of Procucev, Bangalore, and a request for a minute of the recipient's time. No further interaction or outcome is available from the transcript.",2026-05-07T06:51:32.252584Z,
16832,SN HomeCreations interiors,+919731597343,mohammed@snhomecreations.in,SN HomeCreations interiors,completed,Answered,The call initiated with the sales agent introducing herself and asking the prospect for a moment of their time. The interaction did not progress beyond this initial query.,2026-05-07T06:47:55.220954Z,
16833,Panasonic Brand Store Rds & Co,+918291095721,modernworld.ap@gmail.com,Panasonic Brand Store Rds & Co,completed,Answered,"The call was very brief and unproductive. The assistant introduced herself, but the user responded with what sounded like an automated message, leading to confusion and no sales interaction.",2026-05-07T06:46:15.634661Z,
16834,Maruthi Aircon Engineers,+919845168316,mae_maruthi@yahoo.com,Maruthi Aircon Engineers,completed,Answered,"The call began with the sales agent introducing themselves and asking if the prospect had a minute, but there was no further interaction or outcome.",2026-05-07T06:44:54.157723Z,
16835,INDOMINE HYDRAULICS,+919949243077,indominehydraulics@gmail.com,INDOMINE HYDRAULICS,completed,Answered,"The call transcript is very short, only capturing the sales agent's initial greeting and request for a minute of the prospect's time. No actual sales conversation or outcome was reached.",2026-05-07T06:40:15.871560Z,
16836,Flovel Enterprises,+919493985108,flovelnicotra@gmail.com,Flovel Enterprises,completed,Answered,The call has just begun with an introduction and a request for a minute of time. No interaction or qualification has occurred yet.,2026-05-07T06:36:50.892734Z,
16235,CUBE HVAC TECH,+916364049966,cubehvactech@gmail.com,CUBE HVAC TECH,completed,Interested,The agent successfully engaged the prospect and obtained their email address for further communication.,2026-05-07T06:28:31.448546Z,
16837,Air Blow Systems,+919448080475,corporate@airblow.in,Air Blow Systems,completed,Answered,The call has just begun with the sales agent introducing herself and asking for a minute of the prospect's time.,2026-05-07T06:27:56.124195Z,
16838,Werner Finley Pvt Ltd.,+919379758370,ayyarsigamani.m@wernerfinley.com,Werner Finley Pvt Ltd.,completed,Answered,"The call was very brief and unproductive due to apparent communication issues, ending without any meaningful engagement or discussion about the product/service.",2026-05-07T06:25:28.490073Z,
16839,Airtech Engg,+919880494279,airtechengg@gmail.com,Airtech Engg,completed,Answered,"The call suffered from severe audio issues and communication breakdowns, preventing any meaningful conversation or lead engagement. The prospect's identity and intent remain unclear.",2026-05-07T06:23:18.668936Z,
16840,Premier Lighting Industries,+919845180661,premier_light@yahoo.com,Premier Lighting Industries,completed,Answered,The call is an initial outreach where the sales assistant introduces themselves and asks if the prospect has a minute to talk. No further interaction or outcome is recorded yet.,2026-05-07T06:20:31.683845Z,
16841,Semikart,+919113999367,orders@semikart.com,Semikart,completed,Answered,The call just started with the sales agent introducing herself and asking if the contact has a minute. No actual conversation or outcome has occurred yet.,2026-05-07T06:17:24.681583Z,
16842,Lalith Lamp & Shades,+919980667730,lalithlamp@gmail.com,Lalith Lamp & Shades,completed,Answered,The call consisted solely of the sales assistant's opening greeting. There was no further interaction or response from the potential lead.,2026-05-07T06:09:08.929990Z,
16843,Vaishnavi Enterprises,+919342541594,info@vaishnavipowers.com,Vaishnavi Enterprises,completed,Answered,"The call begins with the assistant introducing themselves and asking for a minute of the prospect's time, but the transcript ends before any prospect interaction or outcome.",2026-05-07T06:08:27.575041Z,
16844,S V Marketing India Pvt Ltd,+919945577776,info@svmarketingindia.com,S V Marketing India Pvt Ltd,completed,Answered,The call is an initial outreach where the sales agent introduces themselves and asks for a minute of the prospect's time. No actual conversation or sales pitch has occurred yet.,2026-05-07T06:06:52.069065Z,
16845,Ganesh Electrical Industrial,+918452815174,ganeshelectricalindustrail@gmail.com,Ganesh Electrical Industrial,completed,Answered,The call has just begun with the sales assistant introducing herself and asking if the prospect has a minute. No interaction from the prospect has occurred yet.,2026-05-07T05:59:15.978440Z,
16846,Canara Decor,+919845173865,canarafurnitures@gmail.com,Canara Decor,completed,Answered,"The call transcript only captures the sales agent's opening introduction and a request for a minute of the prospect's time, with no further interaction or stated outcome.",2026-05-07T05:53:37.109358Z,
16847,Ohmstronics Lighting Solutions,+919600008824,SALES@OHMSTRONICSLIGHTING.COM,Ohmstronics Lighting Solutions,completed,Answered,"The call begins with the agent introducing herself and asking if the prospect has a minute, but the transcript ends there without any further interaction.",2026-05-07T05:48:30.517890Z,
16848,PRR Lights,+919791142442,prrlights@gmail.com,PRR Lights,completed,Answered,"The call initiated with an introduction from Radhika of Procucev, Bangalore, and a request for a minute of the recipient's time. The conversation ended before any substance could be discussed.",2026-05-07T05:45:20.793335Z,
16849,Mokshitha Enterprises,+919677200055,MOKSHIIMPEXCO@GMAIL.COM,Mokshitha Enterprises,completed,Answered,"The call transcript provided only covers the agent's initial introduction and opening question. There is no response from the prospect yet, so no actual conversation or outcome has occurred.",2026-05-07T05:43:55.353983Z,
16850,Luxstar Industries,+919978814177,info@luxstar.in,Luxstar Industries,completed,Answered,"The call began with an introduction from Radhika of Procucev, Bangalore, followed by a request for a minute of the prospect's time. No further conversation or engagement occurred.",2026-05-07T05:37:43.314515Z,
16851,TARA TRADERS,+919841153019,balachandar53019@gmail.com,TARA TRADERS,completed,Answered,"The call has just begun with the sales agent introducing themselves and asking if the prospect has a minute, with no response from the prospect yet.",2026-05-07T05:31:56.617705Z,
16919,J P Electronic Devices (India) (P) Ltd,+917949104600,sales@jpedindia.com,J P Electronic Devices (India) (P) Ltd,completed,Busy,The sales agent was unable to connect with the user due to being stuck in an automated language selection loop (IVR). No actual conversation or lead generation occurred.,2026-05-07T05:30:41.147548Z,
16852,Mahaveer Electricals,+918792601704,info@mahaveerelectricals.com,Mahaveer Electricals,completed,Answered,"The sales agent, Radhika from Procucev, initiated the call by introducing herself and her company, then asked the prospect if they had a quick minute to speak.",2026-05-07T05:25:16.376096Z,
16236,Shiyal Electricals,+918549999979,shiyalelec@yahoo.co.in,Shiyal Electricals,completed,Interested,"The call was extremely brief, primarily focused on confirming the user's email address. No product or service information was conveyed, and the user explicitly requested email communication for follow-up.",2026-05-07T05:22:36.541756Z,
16853,Navin Electricals & Plumbing Wholesale,+919448393061,laxmansingh15500@gmail.com,Navin Electricals & Plumbing Wholesale,completed,Answered,"The call began with an introduction from Radhika of Procucev, Bangalore, but no further conversation or lead interaction occurred.",2026-05-07T05:21:17.117110Z,
16854,Ferrari Eastern Fans India Pvt Ltd,+919845071018,fefiblr@fefi.in,Ferrari Eastern Fans India Pvt Ltd,completed,Answered,"The call is an initial greeting from Radhika of Procucev, Bangalore, asking if the prospect has a minute.",2026-05-07T05:19:33.432086Z,
16855,Z AIRCON ENTERPRISES,+918454003371,zairconenterprises@gmail.com,Z AIRCON ENTERPRISES,completed,Answered,The call has just begun with the sales agent introducing herself and asking for the prospect's availability to speak.,2026-05-07T05:18:22.090543Z,
16856,United Industries,+919448271145,umashankar@unitedindustriesindia.com,United Industries,completed,Answered,"The call was very brief, consisting only of the agent's introduction and a request for a minute of the prospect's time. No actual conversation or engagement occurred.",2026-05-07T05:14:43.026589Z,
16857,PHOENIX FANS PVT. LTD,+919850810809,tushar@phoenixfansindia.com,PHOENIX FANS PVT. LTD,completed,Answered,The call has just begun with the assistant introducing herself and asking for a minute of the contact's time.,2026-05-07T05:13:27.638358Z,
16858,Sri Venkateshwara Air Systems,+919980233521,svairsystem@gmail.com,Sri Venkateshwara Air Systems,completed,Answered,"The call has just begun with the sales agent introducing herself and her company, then asking if the recipient has a minute.",2026-05-07T05:10:42.764680Z,
16859,Panasonic Life Solutions India Pvt. Ltd,+918657944515,solar@in.panasonic.com,Panasonic Life Solutions India Pvt. Ltd,completed,Answered,The call has just begun with the sales agent introducing themselves and asking if the prospect has a minute. No interaction or outcome has occurred yet.,2026-05-07T05:09:07.208667Z,
16860,Shricap Electronics,+919373901275,shricapelectronics@gmail.com,Shricap Electronics,completed,Answered,The call began with the sales assistant introducing herself and asking if the prospect had time to speak. No interaction from the prospect is recorded in this snippet.,2026-05-07T05:05:42.229343Z,
16861,AMAR RADIO CORPORATION,+917975477851,sales84@amarradio.com,AMAR RADIO CORPORATION,completed,Answered,"The call is at the very initial stage, with the sales agent introducing themselves and asking if the prospect has a minute. No actual conversation or engagement has occurred yet.",2026-05-07T04:59:38.357340Z,
16862,Vends Tech India Pvt. Ltd.,+919858585599,sales@vendsindia.com,Vends Tech India Pvt. Ltd.,completed,Answered,"The sales call has just begun with the agent introducing herself and asking if the prospect has a minute, but no further interaction or outcome is provided in the transcript.",2026-05-07T04:57:36.806091Z,
16863,Raj Electricals,+918484848418,sales@rajelectricals.co.in,Raj Electricals,completed,Answered,"The call was an initial cold outreach by Radhika from Procucev, attempting to get a minute of the prospect's time, but no actual conversation or engagement occurred beyond the introduction.",2026-05-07T04:54:38.522458Z,
16864,AMMAN ENTERPRISES,+918148677441,sales@ammanindia.com,AMMAN ENTERPRISES,completed,Answered,"The sales agent initiated the call with an introduction and a question to check the prospect's availability, but no response or engagement from the customer was recorded in this snippet.",2026-05-07T04:48:01.915375Z,
16865,Vishal Foundry,+919904088271,info@vishalfoundry.in,Vishal Foundry,completed,Answered,"The call just started with an introduction from Radhika of Procucev, Bangalore, asking if the prospect has a minute.",2026-05-07T04:43:10.166371Z,
16866,UNIMAC CONTROL SYSTEMS,+919825012198,info@unimacvalves.co.in,UNIMAC CONTROL SYSTEMS,completed,Answered,"The call transcript only contains the agent's opening statement, an introduction, and a request for a minute of the prospect's time. No interaction or outcome has occurred yet.",2026-05-07T04:42:18.869398Z,
16867,Suzuki Valves,+919824414148,info@suzukivalves.com,Suzuki Valves,completed,Answered,The sales assistant reached a voicemail system and was unable to connect with the intended user.,2026-05-07T04:40:09.232198Z,
16868,STAR SCIENTIFIC GLASS CO,+919825034494,info@starscientificindia.com,STAR SCIENTIFIC GLASS CO,completed,Answered,The call began with the sales agent introducing herself and checking for the prospect's availability. No further conversation or lead qualification occurred.,2026-05-06T13:23:27.382973Z,
16869,SRK Valves,+919898275888,info@srkvalves.com,SRK Valves,completed,Answered,"The call initiated with the agent's introduction and a request for the prospect's time, but the transcript ends before any meaningful interaction or outcome could be established.",2026-05-06T13:22:10.077012Z,
16870,Sigma Scientific Glass Pvt. Ltd.,+919879619121,info@sigmaglassindia.com,Sigma Scientific Glass Pvt. Ltd.,completed,Answered,"The call began with an introduction from Radhika at Procucev, Bangalore, and a request to the recipient for a minute of their time.",2026-05-06T13:20:42.666779Z,
16237,Modern Plastics Company,+917926441144,info@pvcpipe.in,Modern Plastics Company,completed,Interested,"The call was brief and unclear, possibly due to audio or communication issues. The user expressed a specific need for a 'full import of this BBC pipe body' and provided a number, but no further details were discussed or confirmed.",2026-05-06T13:17:22.786487Z,
16871,Meena cast Pvt Ltd,+919824234488,info@meenacast.com,Meena cast Pvt Ltd,completed,Answered,"The call transcript only includes the assistant's opening line, introducing herself and asking for a minute of the prospect's time. No interaction or response from the prospect is recorded yet.",2026-05-06T13:11:33.281077Z,
16872,Madhavendra Enterprise,+919925517928,info@madhaventerprise.in,Madhavendra Enterprise,completed,Answered,This is a very brief call opening where the agent introduces herself and asks for the prospect's availability. No interaction or outcome has occurred yet.,2026-05-06T13:05:14.569825Z,
16873,K-Tech Fluid Soluttions,+919913422970,info@ktechfluidcontrols.com,K-Tech Fluid Soluttions,completed,Answered,"The agent initiated the call and the user answered, but the interaction ended abruptly before any value proposition could be delivered.",2026-05-06T13:02:50.994220Z,
16874,ATAUFF HYDRAULIC STORE,+919737259888,info@atauffhydraulic.com,ATAUFF HYDRAULIC STORE,completed,Answered,"The sales agent initiated the call, introduced herself and her company, and asked for the prospect's availability, but the transcript ends before any response or further interaction could be recorded.",2026-05-06T12:47:18.055910Z,
16875,ARCELLOR CONTROLS INDIA,+916353949804,info@arcellorcontrols.com,ARCELLOR CONTROLS INDIA,completed,Answered,The call is an initial cold outreach where the agent has introduced herself and asked for the recipient's availability. No further conversation has occurred.,2026-05-06T12:45:02.411060Z,
16876,Apex Steel Co.,+919375411177,info@apexsteel.co.in,Apex Steel Co.,completed,Answered,"The call is an initial introduction from the sales assistant, Radhika, asking for a minute of the prospect's time. No actual conversation or lead interaction occurred beyond the opening.",2026-05-06T12:42:44.803349Z,
16877,Anjalee Industries,+919898255451,info@anjaleevalves.com,Anjalee Industries,completed,Answered,The call has just begun with the sales agent introducing themselves and asking if the prospect has a minute.,2026-05-06T12:40:35.334611Z,
16878,Process Equipment Corporation,+919427068316,info@anchorvalves.com,Process Equipment Corporation,completed,Answered,"The call was largely ineffective due to significant miscommunication and a potential language barrier, preventing the assistant from conveying her purpose and the user from understanding.",2026-05-06T12:36:37.233484Z,
16879,Airmax Gujarat Private Limited,+919723371577,info@airmaxgujarat.com,Airmax Gujarat Private Limited,completed,Answered,The call initiated with the sales agent introducing themselves and asking the prospect for a minute of their time. No further interaction or outcome is available from this transcript.,2026-05-06T12:33:10.280037Z,
16880,4Matic Global Valve Automation Pvt. Ltd,+919727001373,info@4maticvalves.com,4Matic Global Valve Automation Pvt. Ltd,completed,Answered,"The sales agent initiated the call and introduced herself and her company, asking for a minute of the prospect's time.",2026-05-06T12:32:00.896500Z,
16881,HydroFit Hydraulic,+919327046296,hydrofitmarketing@gmail.com,HydroFit Hydraulic,completed,Answered,The sales call has just begun with the agent introducing themselves and asking for a minute of the prospect's time. No actual conversation or lead qualification has occurred yet.,2026-05-06T12:30:05.270344Z,
16882,Boilerhouse Corporation,+919825610428,harshad.darji@bhcgroup.in,Boilerhouse Corporation,completed,Answered,"The call was very brief and did not progress beyond the initial permission question, with the user giving an ambiguous response about their availability.",2026-05-06T12:24:46.602943Z,
16883,G M Valve Private Limited,+919227777389,export@gmvalve.in,G M Valve Private Limited,completed,Answered,The call just began with the sales agent introducing themselves and asking if the prospect has a minute. No actual conversation or lead qualification has occurred yet.,2026-05-06T12:21:25.514241Z,
16884,ROTEX AUTOMATION LIMITED,+918792739273,enq@rotexautomation.com,ROTEX AUTOMATION LIMITED,completed,Answered,"The sales agent initiated contact, introduced themselves, and asked for the prospect's availability to speak for a minute.",2026-05-06T12:20:20.170588Z,
16885,Bhagyalaxmi Engineering Works,+919879593141,bhagyalaxmieng@yahoo.com,Bhagyalaxmi Engineering Works,completed,Answered,"The call has just begun with an introduction from Radhika of Procucev, Bangalore, requesting a minute of the prospect's time.",2026-05-06T12:18:06.565030Z,
16886,AIR POWER SERVICE,+919924913133,airpowerservice@gmail.com,AIR POWER SERVICE,completed,Answered,The call has just begun with the sales assistant introducing herself and asking if the prospect has a minute. No actual sales conversation or outcome has occurred yet.,2026-05-06T12:07:57.617488Z,
16920,Air Blow Systems,+919825441011,airblowsystems@gmail.com,Air Blow Systems,completed,Busy,The sales assistant attempted to connect with a contact but was informed by an automated message that the person was unavailable. No sales discussion occurred.,2026-05-06T12:03:15.322040Z,
16887,Charlston Lights,+917575885582,contactus@charlstonlights.com,Charlston Lights,completed,Answered,The sales agent reached an automated IVR system or carrier-recorded message rather than a live person.,2026-05-06T12:01:17.683487Z,
16921,Trizon Electricals,+918320374642,trizonelectricals@gmail.com,Trizon Electricals,completed,Call Later,The sales agent reached a voicemail greeting and ended the call after the automated message.,2026-05-06T11:59:13.740823Z,
16888,Micro Energy System,+919512112191,Sales.microenergysystem@gmail.com,Micro Energy System,completed,Answered,"The call has just begun with the sales agent introducing herself and her company, attempting to confirm the prospect's availability.",2026-05-06T11:56:24.018619Z,
16889,Umiya Assembly Technologies,+917984668167,umiyaassembly@gmail.com,Umiya Assembly Technologies,completed,Answered,"The call is an initial cold outreach where the agent introduces themselves and asks if the recipient has a minute, but no further interaction has occurred.",2026-05-06T11:54:02.386295Z,
16890,Philips Smart Light Hub,+918238331104,pratik@palmtraders.in,Philips Smart Light Hub,completed,Answered,"The call transcript provided only covers the sales agent's introduction and initial query for the prospect's time, with no actual conversation or outcome recorded.",2026-05-06T11:50:04.236298Z,
16891,JABLA LIGHTINGS,+919016318422,nilay@cleanroomproduct.com,JABLA LIGHTINGS,completed,Answered,The call has just begun with the sales agent introducing themselves and asking if the prospect has a minute. No actual conversation or information exchange has occurred yet.,2026-05-06T11:47:48.623025Z,
16892,LIGHT SPACE,+918487959800,lightspace@gmail.com,LIGHT SPACE,completed,Answered,The call has just begun with the sales agent introducing herself and asking for a minute of the prospect's time.,2026-05-06T11:46:27.259826Z,
16893,GMDT MARINE &INDUSTRIAL ENGINEERING PVT. LTD,+919427187035,info@gmdtengineering.com,GMDT MARINE &INDUSTRIAL ENGINEERING PVT. LTD,completed,Answered,The call is an initial outreach where the sales agent introduces themselves and asks if the prospect has a minute to talk. No interaction or outcome beyond the greeting has occurred yet.,2026-05-06T11:27:52.257804Z,
16922,LIGHT ON Lighting Fixture,+919825051404,Crown_hetal@yahoo.com,LIGHT ON Lighting Fixture,completed,Call Later,The sales agent connected with a prospect who was at a funeral and unable to talk. The prospect indicated availability for a call tomorrow morning.,2026-05-06T11:20:35.916871Z,
16894,Bright Ideas Lighting Solutions,+919909907012,contact@brightideas.in,Bright Ideas Lighting Solutions,completed,Answered,"The sales agent initiated contact, introduced herself and her company, and asked for a minute of the prospect's time.",2026-05-06T11:18:00.040589Z,
16895,KWW ELECTRICALS & ELECTRONICS PRIVA,+919836786363,care@kwwelectricals.com,KWW ELECTRICALS & ELECTRONICS PRIVA,completed,Answered,The agent reached an automated system or hold recording and was unable to establish contact with a live person.,2026-05-06T11:15:34.187185Z,
16896,AJWIN Alight for Bright Tomorrow,+919727419391,ajwin1978@gmail.com,AJWIN Alight for Bright Tomorrow,completed,Answered,"The call was brief and incoherent, ending without any meaningful exchange or presentation of the pitch.",2026-05-06T11:14:34.610256Z,
16897,Jenil International (SKF Bearings Stockist & Distributor),+919757038405,info@jenilinternational.com,Jenil International (SKF Bearings Stockist & Distributor),completed,Answered,"The sales agent initiated the call with an introduction and asked for the prospect's time, but the transcript ends before a response.",2026-05-06T11:09:51.983848Z,
16898,Josts Engineering Company Ltd,+919822623782,jostsho@josts.in,Josts Engineering Company Ltd,completed,Answered,The call has just begun with the sales agent introducing themselves and asking if the prospect has a minute. No actual conversation or outcome has been reached yet.,2026-05-06T11:08:54.601050Z,
16899,Jungheinrich Lift Truck India Private Limited,+918054581498,marketing@jungheinrich.in,Jungheinrich Lift Truck India Private Limited,completed,Answered,"The agent introduced herself and the company, but the transcript ends before the prospect could provide a response or engage in conversation.",2026-05-06T11:02:52.706863Z,
16900,Industrial Crafts,+919904282645,sagar.nribm2014@gmail.com,Industrial Crafts,completed,Answered,"The sales agent introduced themselves and asked for the prospect's time, but the transcript ends before any engagement occurred.",2026-05-06T11:01:49.188999Z,
16901,Shree Balaad Handling Works,+919898912382,sales@shreebalaad.com,Shree Balaad Handling Works,completed,Answered,"The sales assistant initiated the call by introducing herself and asking if the prospect had a moment, but there was no further interaction or response recorded.",2026-05-06T10:54:26.734263Z,
16238,SHREE MODI MATERIALS HANDLING CO,+919974814444,pgmodi@modi-gujarat.com,SHREE MODI MATERIALS HANDLING CO,completed,Interested,"The call transcript is highly fragmented and unclear, but the user provided a location and an email address.",2026-05-06T10:52:43.245943Z,
16902,Gemini Equipment and Rentals (P) Ltd,+919029251253,info@gear-india.com,Gemini Equipment and Rentals (P) Ltd,completed,Answered,The call is an initial outbound contact where the sales agent introduces themselves and asks for a minute of the prospect's time.,2026-05-06T10:51:25.858805Z,
16903,Z AIRCON ENTERPRISES,+918454003371,zairconenterprises@gmail.com,Z AIRCON ENTERPRISES,completed,Answered,"The sales agent initiated the call and introduced herself and her company, but the transcript ends before the lead's response.",2026-05-06T10:48:50.935148Z,
16239,National Aircon,+919833395951,nationalaircon.sale@gmail.com,National Aircon,completed,Interested,"The agent contacted the user to initiate a conversation, and the user provided their email address as requested.",2026-05-06T10:43:57.367312Z,
16904,Jain Engineering Works,+919823068503,contact@jaindanpeti-aircoolers.com,Jain Engineering Works,completed,Answered,"The call is an initial introduction from the sales assistant, Radhika from Procucev, asking if the prospect has a quick minute. No further interaction has occurred.",2026-05-06T10:39:29.845986Z,
16905,Shree Ram Air-Tech,+919730072214,ductcooler@gmail.com,Shree Ram Air-Tech,completed,Answered,The call was very brief and interrupted immediately after the sales agent introduced themselves. No actual conversation or lead qualification took place.,2026-05-06T10:37:50.311806Z,
16906,Vends Tech India Pvt. Ltd.,+919858585599,sales@vendsindia.com,Vends Tech India Pvt. Ltd.,completed,Answered,"The sales agent initiated the call and provided a self-introduction, but the transcript ends before any meaningful interaction or response from the prospect.",2026-05-06T10:34:31.249864Z,
16907,Jain Engineering Works,+919823068503,contact@jaindanpeti-aircoolers.com,Jain Engineering Works,completed,Answered,Failed to analyze: 'list' object has no attribute 'get',2026-05-06T10:27:58.065564Z,
16908,Sujata Enterprises,+918097182413,sujataenterprise345@gmail.com,Sujata Enterprises,completed,Answered,"The call was incoherent and failed to establish any meaningful communication, as the user responded with nonsensical phrases before the connection seemed to falter.",2026-05-06T10:21:12.842390Z,
16909,Panasonic Exclusive Store Sahakar Electronics,+918291342998,sahakarelectronics@gmail.com,Panasonic Exclusive Store Sahakar Electronics,completed,Answered,"The call was very brief, ending immediately after the assistant's introduction and the user's recording notice, possibly due to a connection issue or misunderstanding from the assistant.",2026-05-06T10:13:52.539017Z,
16910,TEMPO INSTRUMENTS PVT LTD,+919820464003,enquiry@tempo.net.in,TEMPO INSTRUMENTS PVT LTD,completed,Answered,"The call only consisted of the agent's introduction and a request for the prospect's availability, with no further interaction.",2026-05-06T10:07:27.344685Z,
16911,Matrix Distributor Pvt. Ltd.,+919702042070,atul@matrixdistributor.com,Matrix Distributor Pvt. Ltd.,completed,Answered,"The sales agent initiated the call and introduced herself, but the transcript concludes before the prospect provided a response.",2026-05-06T10:06:03.857134Z,
16912,Sheeba Kitchen Equipments,+919768390443,anisahmed@sheebaequipments.in,Sheeba Kitchen Equipments,completed,Answered,"The call began with an introduction and the user agreeing to listen, but it ended abruptly before the sales agent could present the offer.",2026-05-06T10:02:23.653838Z,
